,Alert,IQR,Kurto,Entro,Skewn,Sex,Comp,Picos,Umbral,Gama
1,FALSE,2.6938,1.73447,1.7616,0.140613,Mujer,Slim,0,15.708,Alta
2,FALSE,2.5478,2.08198,1.71931,0.104144,Mujer,Slim,0,15.861,Alta
3,FALSE,2.5754,3.82861,1.53336,0.687755,Mujer,Slim,2,17.283,Alta
4,FALSE,2.5976,1.97106,1.7468,-0.07677,Mujer,Slim,1,17.49,Alta
5,FALSE,2.5725,1.94219,1.73949,0.130674,Mujer,Slim,0,15.621,Alta
6,FALSE,2.4877,2.25924,1.68341,0.235862,Mujer,Slim,0,15.393,Alta
7,FALSE,2.1019,3.18739,1.65221,0.567365,Mujer,Slim,1,18.179,Alta
8,FALSE,2.4321,3.20633,1.65577,0.73676,Mujer,Slim,1,17.093,Alta
9,FALSE,2.8897,1.69029,1.74868,-0.06163,Mujer,Slim,0,15.085,Alta
10,FALSE,2.9228,2.50571,1.78386,0.735452,Mujer,Slim,0,16.503,Alta
11,FALSE,2.6816,1.72761,1.81599,0.22205,Mujer,Slim,0,16.156,Alta
12,FALSE,3.1219,1.61712,1.79701,0.153509,Mujer,Slim,0,15.48,Alta
13,FALSE,3.1457,1.5117,1.75036,0.127427,Mujer,Slim,0,15.255,Alta
14,FALSE,2.6629,2.43848,1.69147,0.388189,Mujer,Slim,0,16.062,Alta
15,FALSE,2.785,1.83942,1.78047,0.20567,Mujer,Slim,0,15.023,Alta
16,FALSE,2.5798,2.40903,1.72348,0.416225,Mujer,Slim,0,16.751,Alta
17,FALSE,3.0512,0.94594,1.92044,0.028998,Mujer,Slim,0,15.23,Alta
18,FALSE,2.8773,2.13569,1.68036,0.259601,Mujer,Slim,1,19.814,Alta
19,FALSE,3.142,2.03597,1.79379,0.354834,Mujer,Slim,0,15.127,Alta
20,FALSE,2.8583,1.40237,1.77101,0.179597,Mujer,Slim,1,18.142,Alta
21,FALSE,0.179574,19.0538,0.74779,1.1355,Mujer,Slim,1,18.975,Media
22,FALSE,2.5547,3.38191,1.65934,1.5156,Mujer,Slim,1,15.712,Media
23,FALSE,1.243295,15.3646,1.04969,3.1469,Mujer,Slim,1,18.516,Media
24,FALSE,0.934225,26.8795,0.9311,4.0769,Mujer,Slim,1,25.213,Media
25,FALSE,1.767846,0.45095,1.8877,1,Mujer,Slim,0,15.054,Media
26,FALSE,0.44519,27.4755,0.75715,3.8054,Mujer,Slim,1,26.282,Media
27,FALSE,3.73873,0.23949,2.0403,0.8925,Mujer,Slim,0,16.092,Media
28,FALSE,3.006357,0.07622,2.05251,0.6521,Mujer,Slim,0,15.745,Media
29,FALSE,0.306407,21.0174,0.8217,3.9199,Mujer,Slim,2,22.08,Media
30,FALSE,0.458214,12.9301,1.10409,2.6329,Mujer,Slim,1,19.264,Media
31,FALSE,3.913486,-0.0175,2.00438,0.6382,Mujer,Slim,2,17.192,Media
32,FALSE,3.891674,0.03267,2.0412,0.707,Mujer,Slim,0,15.29,Media
33,FALSE,2.718139,2.00634,1.81846,1.0309,Mujer,Slim,1,17.579,Media
34,FALSE,2.405106,1.86771,1.67341,0.9531,Mujer,Slim,1,17.971,Media
35,FALSE,3.813093,0.06158,2.07037,0.591,Mujer,Slim,1,17.151,Media
36,FALSE,1.720988,8.76372,1.43969,2.3724,Mujer,Slim,0,16.926,Media
37,FALSE,3.545061,0.36662,2.00187,0.7482,Mujer,Slim,1,15.769,Media
38,FALSE,3.687428,0.0188,2.07121,0.8267,Mujer,Slim,0,15.228,Media
39,FALSE,0.215955,30.3048,0.62253,3.5387,Mujer,Slim,1,20.691,Media
40,FALSE,3.373467,0.02339,2.00333,0.5648,Mujer,Slim,0,16.926,Media
41,FALSE,2.692589,2.01898,1.82783,1.3054,Mujer,Slim,0,15.973,Alta
42,FALSE,1.823507,2.64371,1.66103,1.5285,Mujer,Slim,0,15.873,Alta
43,FALSE,2.022925,1.81616,1.76966,1.4425,Mujer,Slim,1,18.727,Alta
44,FALSE,0.244492,15.4065,0.85681,2.7641,Mujer,Slim,1,26.178,Alta
45,FALSE,0.805093,13.2453,1.2491,2.7479,Mujer,Slim,1,21.614,Alta
46,FALSE,2.72188,1.2858,1.88561,1.033,Mujer,Slim,0,16.381,Alta
47,FALSE,2.127,1.61738,1.78693,1.3057,Mujer,Slim,1,17.569,Alta
48,FALSE,1.392885,13.363,1.1647,2.4151,Mujer,Slim,1,24.324,Alta
49,FALSE,1.783775,1.74316,1.73947,1.0321,Mujer,Slim,0,16.215,Alta
50,FALSE,2.793914,1.85223,1.80286,1.13,Mujer,Slim,1,15.585,Alta
51,FALSE,2.290624,2.25755,1.74714,1.2598,Mujer,Slim,0,16.229,Alta
52,FALSE,0.678798,13.3813,0.94458,2.756,Mujer,Slim,1,24.933,Alta
53,FALSE,1.793488,2.52596,1.75134,1.3847,Mujer,Slim,0,15.116,Alta
54,FALSE,1.900005,1.50883,1.81802,1.0374,Mujer,Slim,1,17.557,Alta
55,FALSE,0.569732,15.2196,0.9427,1.9921,Mujer,Slim,1,18.05,Alta
56,FALSE,2.248256,2.0201,1.76537,0.5593,Mujer,Slim,0,15.63,Alta
57,FALSE,3.419688,0.70568,1.95863,0.7514,Mujer,Slim,1,17.102,Alta
58,FALSE,1.995983,2.34079,1.76207,1.5071,Mujer,Slim,2,18.886,Alta
59,FALSE,1.650177,3.99887,1.64264,1.1598,Mujer,Slim,0,16.555,Alta
60,FALSE,2.469147,2.30657,1.76251,1.2946,Mujer,Slim,2,19.097,Alta
61,FALSE,13.4673,-1.409,2.2014,0.199,Mujer,Slim,4,22.4361,Media
62,FALSE,6.900674,0.2956,2.02528,0.8714,Mujer,Slim,5,29.933,Media
63,FALSE,8.364575,-0.2153,2.0933,0.9095,Mujer,Slim,7,21.229,Media
64,FALSE,10.26467,-0.5438,2.10922,0.7004,Mujer,Slim,1,16.692,Media
65,FALSE,6.536545,0.65967,2.02802,0.7935,Mujer,Slim,4,19.045,Media
66,FALSE,12.06852,-1.0224,2.13535,0.3479,Mujer,Slim,8,22.592,Media
67,FALSE,11.01961,-0.8761,2.19967,0.3874,Mujer,Slim,5,24.06,Media
68,FALSE,4.228833,1.23859,1.95278,1.0462,Mujer,Slim,5,19.215,Media
69,FALSE,5.892532,0.3458,1.9305,0.4198,Mujer,Slim,6,19.082,Media
70,FALSE,10.08234,-0.4767,2.17264,0.6162,Mujer,Slim,8,25.216,Media
71,FALSE,10.39605,-0.8085,2.12453,0.4051,Mujer,Slim,5,20.335,Media
72,FALSE,4.935277,-0.0558,2.09697,0.3839,Mujer,Slim,3,15.168,Media
73,FALSE,9.221904,0.12264,2.0409,0.9634,Mujer,Slim,8,20.815,Media
74,FALSE,8.69599,-0.1662,2.09812,0.8904,Mujer,Slim,1,17.753,Media
75,FALSE,7.067159,0.24181,2.02533,0.961,Mujer,Slim,5,25.788,Media
76,FALSE,1.080208,6.35174,1.48665,1.6374,Mujer,Slim,1,19.656,Media
77,FALSE,11.88038,-1.0194,2.18644,0.3734,Mujer,Slim,8,21.701,Media
78,FALSE,10.17523,-0.8298,2.18077,0.44,Mujer,Slim,6,17.243,Media
79,FALSE,2.109518,1.75344,1.69614,0.352,Mujer,Slim,1,22.099,Media
80,FALSE,8.702937,-0.1255,2.04973,0.8964,Mujer,Slim,4,15.1,Media
81,FALSE,6.760759,0.27121,1.98163,0.9809,Mujer,Slim,5,25.356,Media
82,FALSE,1.60001,2.74373,1.7453,0.78652,Mujer,Slim,0,18.675,Alta
83,FALSE,13.0604,-0.4472,2.125,0.59881,Mujer,Slim,1,15.907,Alta
84,FALSE,10.9847,-0.1991,2.124,0.65985,Mujer,Slim,8,28.246,Alta
85,FALSE,10.1709,1.08232,1.9337,1.30866,Mujer,Slim,1,28.352,Alta
86,FALSE,12.6359,-0.6032,2.1445,0.52938,Mujer,Slim,7,28.047,Alta
87,FALSE,10.6376,-0.6757,2.1202,0.40598,Mujer,Slim,8,19.964,Alta
88,FALSE,3.87081,1.68075,1.8672,0.93829,Mujer,Slim,3,17.637,Alta
89,FALSE,8.41976,0.70897,2.0035,1.15125,Mujer,Slim,7,42.919,Alta
90,FALSE,6.84939,1.64301,1.8782,1.39175,Mujer,Slim,6,23.142,Alta
91,FALSE,2.96789,1.78049,1.7866,1.24907,Mujer,Slim,1,15.211,Alta
92,FALSE,5.77171,4.07673,1.6693,1.57182,Mujer,Slim,5,23.237,Alta
93,FALSE,14.3046,-0.768,2.118,0.57174,Mujer,Slim,1,36.448,Alta
94,FALSE,11.8024,-0.4798,2.102,0.60386,Mujer,Slim,6,27.72,Alta
95,FALSE,7.89874,0.68554,1.9841,1.09219,Mujer,Slim,9,17.344,Alta
96,FALSE,10.1028,0.45711,1.967,1.10409,Mujer,Slim,8,15.286,Alta
97,FALSE,7.12666,2.44196,1.8672,1.50243,Mujer,Slim,6,24.204,Alta
98,FALSE,12.4243,-0.7403,2.1903,0.43395,Mujer,Slim,9,22.34,Alta
99,FALSE,11.392,-0.4275,2.1401,0.58957,Mujer,Slim,7,19.243,Alta
100,FALSE,3.02331,4.26937,1.6564,1.50249,Mujer,Slim,1,24.468,Alta
101,FALSE,10.1385,0.68004,1.9856,1.15879,Mujer,Slim,7,21.41,Alta
102,TRUE,1.1284,16.431,0.98396,2.82766,Mujer,Slim,2,61.24,Alta
103,TRUE,1.2613,39.486,0.51334,4.98364,Mujer,Slim,0,63.31,Alta
104,TRUE,0.8079,8.8797,1.10959,1.97321,Mujer,Slim,1,19.025,Alta
105,TRUE,1.2403,13.616,1.20119,1.1127,Mujer,Slim,0,42.14,Alta
106,TRUE,0.9404,15.705,0.96201,3.08228,Mujer,Slim,1,21.742,Alta
107,TRUE,0.7183,20.916,1.18732,3.13811,Mujer,Slim,0,47.023,Alta
108,TRUE,0.7735,5.304,1.31382,0.96843,Mujer,Slim,1,16.65,Alta
109,TRUE,0.781,24.483,0.80496,3.57183,Mujer,Slim,0,54.87,Alta
110,TRUE,0.7471,11.757,0.93342,2.28027,Mujer,Slim,1,24.693,Alta
111,TRUE,0.8578,6.4149,1.30499,1.26849,Mujer,Slim,1,20.291,Alta
112,TRUE,0.5954,6.6036,1.04809,0.46184,Mujer,Slim,0,24.057,Alta
113,TRUE,1.0362,43.086,0.90963,5.45961,Mujer,Slim,0,54.029,Alta
114,TRUE,0.5149,22.969,0.67035,3.49634,Mujer,Slim,1,19.352,Alta
115,TRUE,0.8297,12.894,0.91963,1.8929,Mujer,Slim,0,24.049,Alta
116,TRUE,0.5724,24.937,0.65634,2.76356,Mujer,Slim,0,44.268,Alta
117,TRUE,0.433,41.203,0.76768,5.4124,Mujer,Slim,0,39.001,Alta
118,TRUE,1.2058,12.546,1.11419,1.2861,Mujer,Slim,0,43.448,Alta
119,TRUE,1.435,34.191,0.94954,4.77431,Mujer,Slim,0,58.18,Alta
120,TRUE,0.7292,32.907,0.63502,4.34511,Mujer,Slim,0,68.984,Alta
121,TRUE,2.6826,18.703,1.29721,3.40744,Mujer,Slim,1,17.773,Alta
122,TRUE,1.2331,9.1406,1.1903,1.98527,Mujer,Slim,1,20.179,Media
123,TRUE,0.7365,21.012,0.98492,3.50685,Mujer,Slim,0,30.317,Media
124,TRUE,1.1789,19.857,1.11334,2.58841,Mujer,Slim,0,39.39,Media
125,TRUE,1.0359,13.418,0.96452,2.04697,Mujer,Slim,1,26.09,Media
126,TRUE,1.2989,15.492,1.02177,2.61612,Mujer,Slim,0,27.925,Media
127,TRUE,0.5542,8.9226,0.90972,0.55682,Mujer,Slim,1,23.726,Media
128,TRUE,0.719,16.286,0.9018,2.78404,Mujer,Slim,0,30.014,Media
129,TRUE,0.6047,17.326,0.77048,1.74164,Mujer,Slim,0,35.241,Media
130,TRUE,0.5271,22.408,0.96063,2.48303,Mujer,Slim,0,30.987,Media
131,TRUE,0.6429,14.119,1.13477,0.81958,Mujer,Slim,0,27.728,Media
132,TRUE,0.7739,22.463,0.84113,3.27316,Mujer,Slim,0,33.791,Media
133,TRUE,0.8297,18.501,1.01927,2.5142,Mujer,Slim,0,28.384,Media
134,TRUE,0.3462,27.479,0.95564,3.40536,Mujer,Slim,0,28.973,Media
135,TRUE,0.6167,30.699,0.92529,4.1223,Mujer,Slim,0,36.226,Media
136,TRUE,0.4514,14.608,0.94032,1.49064,Mujer,Slim,0,27.656,Media
137,TRUE,0.4808,14.149,0.83748,1.52952,Mujer,Slim,0,24.618,Media
138,TRUE,1.1059,11.373,1.17189,1.43166,Mujer,Slim,0,23.858,Media
139,TRUE,1.3184,15.68,1.18706,2.79994,Mujer,Slim,0,29.101,Media
140,TRUE,0.6853,21.138,1.05225,3.3887,Mujer,Slim,0,30.403,Media
141,TRUE,2.5226,0.8576,1.82188,0.25384,Mujer,Slim,0,15.197,Media
142,TRUE,0.6572,8.60889,1.1688,0.7011,Mujer,Slim,1,23.5325,Alta
143,TRUE,0.6973,20.2471,0.9276,3.5127,Mujer,Slim,2,15.3587,Alta
144,TRUE,0.8283,11.1766,1.1168,2.0071,Mujer,Slim,0,16.399,Alta
145,TRUE,0.5753,8.1478,1.1644,1.2542,Mujer,Slim,1,17.17,Alta
146,TRUE,0.4175,23.482,0.9217,2.8166,Mujer,Slim,1,31.977,Alta
147,TRUE,0.5154,10.0273,1.0476,0.9279,Mujer,Slim,1,24.0581,Alta
148,TRUE,0.5765,10.0392,1.2747,2.5181,Mujer,Slim,2,18.1572,Alta
149,TRUE,0.3679,36.2079,0.6006,4.8092,Mujer,Slim,1,22.9779,Alta
150,TRUE,0.7113,6.57323,1.1987,0.7276,Mujer,Slim,0,16.2621,Media
151,TRUE,0.1343,29.9032,0.9867,4.5982,Mujer,Slim,1,22.288,Media
152,TRUE,0.2958,16.632,0.7874,1.7157,Mujer,Slim,1,31.93,Media
153,TRUE,0.1719,41.5257,0.5413,5.702,Mujer,Slim,1,27.6667,Media
154,TRUE,0.1974,22.0582,0.9197,3.8575,Mujer,Slim,1,19.6478,Media
155,TRUE,0.406,6.18696,1.1441,1.7417,Mujer,Slim,2,25.4292,Media
156,TRUE,0.1533,44.6205,0.4939,5.9409,Mujer,Slim,1,25.368,Media
157,TRUE,0.4529,10.4107,0.9532,2.4807,Mujer,Slim,3,20.3044,Alta
158,TRUE,0.8463,22.8616,0.8659,4.2752,Mujer,Slim,2,54.1661,Alta
159,TRUE,0.5326,19.3897,1.0762,3.4858,Mujer,Slim,2,21.3511,Alta
160,TRUE,0.5955,13.066,0.8168,3.0212,Mujer,Slim,3,34.7153,Alta
161,TRUE,0.3412,11.9266,0.896,2.0134,Mujer,Slim,2,19.7714,Alta
162,TRUE,0.1752,20.2552,0.8423,3.8394,Mujer,Slim,2,24.9613,Alta
163,TRUE,0.5407,23.4086,0.7026,4.0653,Mujer,Slim,2,50.8894,Alta
164,TRUE,0.2719,17.5318,0.624,3.0155,Mujer,Slim,2,32.2495,Alta
165,TRUE,0.7945,18.0966,0.8673,3.3055,Mujer,Slim,2,26.8086,Alta
166,TRUE,0.2593,28.1526,0.7551,4.0382,Mujer,Slim,1,42.295,Alta
167,TRUE,0.5184,12.5073,1.1337,2.3485,Mujer,Slim,1,16.4928,Alta
168,TRUE,0.5952,16.1685,1.1437,2.7997,Mujer,Slim,4,18.2956,Alta
169,TRUE,1.0457,9.57978,1.0758,2.3699,Mujer,Slim,3,22.0732,Alta
170,TRUE,0.6266,11.6349,0.9659,2.1267,Mujer,Slim,1,17.5508,Alta
171,TRUE,0.9778,12.3929,1.0119,2.8673,Mujer,Slim,2,16.0791,Alta
172,TRUE,0.4679,15.397,0.7501,3.3147,Mujer,Slim,1,34.8568,Alta
173,TRUE,1.1549,13.3769,1.2817,3.0873,Mujer,Slim,2,18.9915,Alta
174,TRUE,0.17,22.7043,0.9475,2.655,Mujer,Slim,1,34.221,Alta
175,TRUE,0.3893,10.1498,0.9717,2.1836,Mujer,Slim,1,24.5583,Alta
176,TRUE,0.6713,16.1387,0.9556,3.0563,Mujer,Slim,3,26.6524,Alta
177,FALSE,0.0883,34.3409,0.7768,4.6475,Mujer,Slim,1,17.8531,Media
178,FALSE,0.0953,44.3244,0.4709,5.8589,Mujer,Slim,1,26.0934,Media
179,FALSE,0.1472,34.8586,0.9582,5.0529,Mujer,Slim,1,22.6999,Media
180,FALSE,0.0884,34.1194,0.749,4.4373,Mujer,Slim,1,18.3005,Media
181,FALSE,0.1549,25.3508,0.8448,3.2948,Mujer,Slim,1,23.8301,Media
182,FALSE,0.2284,17.4496,0.7467,3.3298,Mujer,Slim,1,28.56,Alta
183,FALSE,0.1316,33.7354,0.7262,4.6409,Mujer,Slim,1,25.0319,Alta
184,FALSE,0.1121,24.1617,0.7573,3.4663,Mujer,Slim,1,28.634,Alta
185,FALSE,0.1052,38.3349,0.777,5.1688,Mujer,Slim,1,33.0676,Alta
186,FALSE,0.1437,26.9479,0.6007,3.9879,Mujer,Slim,1,35.7242,Alta
187,FALSE,0.3578,6.4159,1.0268,1.4931,Mujer,Slim,2,17.0034,Media
188,FALSE,0.99,7.5473,1.3552,1.782,Mujer,Slim,1,17.8126,Media
189,FALSE,0.6423,8.9152,1.3934,2.0202,Mujer,Slim,1,21.8104,Media
190,FALSE,0.9819,5.1241,1.3313,1.3956,Mujer,Slim,2,23.3869,Media
191,FALSE,2.4682,5.5865,1.3108,1.2056,Mujer,Slim,3,41.6807,Alta
192,FALSE,1.1568,4.6969,1.3977,0.2758,Mujer,Slim,1,19.1795,Alta
193,FALSE,1.2536,9.57,1.1032,1.8179,Mujer,Slim,3,22.9331,Alta
194,FALSE,0.7208,13.482,1.1967,1.193,Mujer,Slim,0,15.2549,Alta
195,FALSE,1.5144,7.5359,1.2877,1.5021,Mujer,Slim,1,30.6735,Alta
196,FALSE,0.7495,8.0285,1.281,1.8773,Mujer,Slim,3,17.1896,Alta
197,FALSE,2.6938,1.73447,1.7616,0.140613,Hombre,Slim,0,15.708,Alta
198,FALSE,2.5478,2.08198,1.71931,0.104144,Hombre,Slim,0,15.861,Alta
199,FALSE,2.5754,3.82861,1.53336,0.687755,Hombre,Slim,2,17.283,Alta
200,FALSE,2.5976,1.97106,1.7468,-0.07677,Hombre,Slim,1,17.49,Alta
201,FALSE,2.5725,1.94219,1.73949,0.130674,Hombre,Slim,0,15.621,Alta
202,FALSE,2.4877,2.25924,1.68341,0.235862,Hombre,Slim,0,15.393,Alta
203,FALSE,2.1019,3.18739,1.65221,0.567365,Hombre,Slim,1,18.179,Alta
204,FALSE,2.4321,3.20633,1.65577,0.73676,Hombre,Slim,1,17.093,Alta
205,FALSE,2.8897,1.69029,1.74868,-0.06163,Hombre,Slim,0,15.085,Alta
206,FALSE,2.9228,2.50571,1.78386,0.735452,Hombre,Slim,0,16.503,Alta
207,FALSE,2.6816,1.72761,1.81599,0.22205,Hombre,Slim,0,16.156,Alta
208,FALSE,3.1219,1.61712,1.79701,0.153509,Hombre,Slim,0,15.48,Alta
209,FALSE,3.1457,1.5117,1.75036,0.127427,Hombre,Slim,0,15.255,Alta
210,FALSE,2.6629,2.43848,1.69147,0.388189,Hombre,Slim,0,16.062,Alta
211,FALSE,2.785,1.83942,1.78047,0.20567,Hombre,Slim,0,15.023,Alta
212,FALSE,2.5798,2.40903,1.72348,0.416225,Hombre,Slim,0,16.751,Alta
213,FALSE,3.0512,0.94594,1.92044,0.028998,Hombre,Slim,0,15.23,Alta
214,FALSE,2.8773,2.13569,1.68036,0.259601,Hombre,Slim,1,19.814,Alta
215,FALSE,3.142,2.03597,1.79379,0.354834,Hombre,Slim,0,15.127,Alta
216,FALSE,2.8583,1.40237,1.77101,0.179597,Hombre,Slim,1,18.142,Alta
217,FALSE,0.179574,19.0538,0.74779,1.1355,Hombre,Slim,1,18.975,Media
218,FALSE,2.5547,3.38191,1.65934,1.5156,Hombre,Slim,1,15.712,Media
219,FALSE,1.243295,15.3646,1.04969,3.1469,Hombre,Slim,1,18.516,Media
220,FALSE,0.934225,26.8795,0.9311,4.0769,Hombre,Slim,1,25.213,Media
221,FALSE,1.767846,0.45095,1.8877,1,Hombre,Slim,0,15.054,Media
222,FALSE,0.44519,27.4755,0.75715,3.8054,Hombre,Slim,1,26.282,Media
223,FALSE,3.73873,0.23949,2.0403,0.8925,Hombre,Slim,0,16.092,Media
224,FALSE,3.006357,0.07622,2.05251,0.6521,Hombre,Slim,0,15.745,Media
225,FALSE,0.306407,21.0174,0.8217,3.9199,Hombre,Slim,2,22.08,Media
226,FALSE,0.458214,12.9301,1.10409,2.6329,Hombre,Slim,1,19.264,Media
227,FALSE,3.913486,-0.0175,2.00438,0.6382,Hombre,Slim,2,17.192,Media
228,FALSE,3.891674,0.03267,2.0412,0.707,Hombre,Slim,0,15.29,Media
229,FALSE,2.718139,2.00634,1.81846,1.0309,Hombre,Slim,1,17.579,Media
230,FALSE,2.405106,1.86771,1.67341,0.9531,Hombre,Slim,1,17.971,Media
231,FALSE,3.813093,0.06158,2.07037,0.591,Hombre,Slim,1,17.151,Media
232,FALSE,1.720988,8.76372,1.43969,2.3724,Hombre,Slim,0,16.926,Media
233,FALSE,3.545061,0.36662,2.00187,0.7482,Hombre,Slim,1,15.769,Media
234,FALSE,3.687428,0.0188,2.07121,0.8267,Hombre,Slim,0,15.228,Media
235,FALSE,0.215955,30.3048,0.62253,3.5387,Hombre,Slim,1,20.691,Media
236,FALSE,3.373467,0.02339,2.00333,0.5648,Hombre,Slim,0,16.926,Media
237,FALSE,2.692589,2.01898,1.82783,1.3054,Hombre,Slim,0,15.973,Alta
238,FALSE,1.823507,2.64371,1.66103,1.5285,Hombre,Slim,0,15.873,Alta
239,FALSE,2.022925,1.81616,1.76966,1.4425,Hombre,Slim,1,18.727,Alta
240,FALSE,0.244492,15.4065,0.85681,2.7641,Hombre,Slim,1,26.178,Alta
241,FALSE,0.805093,13.2453,1.2491,2.7479,Hombre,Slim,1,21.614,Alta
242,FALSE,2.72188,1.2858,1.88561,1.033,Hombre,Slim,0,16.381,Alta
243,FALSE,2.127,1.61738,1.78693,1.3057,Hombre,Slim,1,17.569,Alta
244,FALSE,1.392885,13.363,1.1647,2.4151,Hombre,Slim,1,24.324,Alta
245,FALSE,1.783775,1.74316,1.73947,1.0321,Hombre,Slim,0,16.215,Alta
246,FALSE,2.793914,1.85223,1.80286,1.13,Hombre,Slim,1,15.585,Alta
247,FALSE,2.290624,2.25755,1.74714,1.2598,Hombre,Slim,0,16.229,Alta
248,FALSE,0.678798,13.3813,0.94458,2.756,Hombre,Slim,1,24.933,Alta
249,FALSE,1.793488,2.52596,1.75134,1.3847,Hombre,Slim,0,15.116,Alta
250,FALSE,1.900005,1.50883,1.81802,1.0374,Hombre,Slim,1,17.557,Alta
251,FALSE,0.569732,15.2196,0.9427,1.9921,Hombre,Slim,1,18.05,Alta
252,FALSE,2.248256,2.0201,1.76537,0.5593,Hombre,Slim,0,15.63,Alta
253,FALSE,3.419688,0.70568,1.95863,0.7514,Hombre,Slim,1,17.102,Alta
254,FALSE,1.995983,2.34079,1.76207,1.5071,Hombre,Slim,2,18.886,Alta
255,FALSE,1.650177,3.99887,1.64264,1.1598,Hombre,Slim,0,16.555,Alta
256,FALSE,2.469147,2.30657,1.76251,1.2946,Hombre,Slim,2,19.097,Alta
257,FALSE,13.4673,-1.409,2.2014,0.199,Hombre,Slim,4,22.4361,Media
258,FALSE,6.900674,0.2956,2.02528,0.8714,Hombre,Slim,5,29.933,Media
259,FALSE,8.364575,-0.2153,2.0933,0.9095,Hombre,Slim,7,21.229,Media
260,FALSE,10.26467,-0.5438,2.10922,0.7004,Hombre,Slim,1,16.692,Media
261,FALSE,6.536545,0.65967,2.02802,0.7935,Hombre,Slim,4,19.045,Media
262,FALSE,12.06852,-1.0224,2.13535,0.3479,Hombre,Slim,8,22.592,Media
263,FALSE,11.01961,-0.8761,2.19967,0.3874,Hombre,Slim,5,24.06,Media
264,FALSE,4.228833,1.23859,1.95278,1.0462,Hombre,Slim,5,19.215,Media
265,FALSE,5.892532,0.3458,1.9305,0.4198,Hombre,Slim,6,19.082,Media
266,FALSE,10.08234,-0.4767,2.17264,0.6162,Hombre,Slim,8,25.216,Media
267,FALSE,10.39605,-0.8085,2.12453,0.4051,Hombre,Slim,5,20.335,Media
268,FALSE,4.935277,-0.0558,2.09697,0.3839,Hombre,Slim,3,15.168,Media
269,FALSE,9.221904,0.12264,2.0409,0.9634,Hombre,Slim,8,20.815,Media
270,FALSE,8.69599,-0.1662,2.09812,0.8904,Hombre,Slim,1,17.753,Media
271,FALSE,7.067159,0.24181,2.02533,0.961,Hombre,Slim,5,25.788,Media
272,FALSE,1.080208,6.35174,1.48665,1.6374,Hombre,Slim,1,19.656,Media
273,FALSE,11.88038,-1.0194,2.18644,0.3734,Hombre,Slim,8,21.701,Media
274,FALSE,10.17523,-0.8298,2.18077,0.44,Hombre,Slim,6,17.243,Media
275,FALSE,2.109518,1.75344,1.69614,0.352,Hombre,Slim,1,22.099,Media
276,FALSE,8.702937,-0.1255,2.04973,0.8964,Hombre,Slim,4,15.1,Media
277,FALSE,6.760759,0.27121,1.98163,0.9809,Hombre,Slim,5,25.356,Media
278,FALSE,1.60001,2.74373,1.7453,0.78652,Hombre,Slim,0,18.675,Alta
279,FALSE,13.0604,-0.4472,2.125,0.59881,Hombre,Slim,1,15.907,Alta
280,FALSE,10.9847,-0.1991,2.124,0.65985,Hombre,Slim,8,28.246,Alta
281,FALSE,10.1709,1.08232,1.9337,1.30866,Hombre,Slim,1,28.352,Alta
282,FALSE,12.6359,-0.6032,2.1445,0.52938,Hombre,Slim,7,28.047,Alta
283,FALSE,10.6376,-0.6757,2.1202,0.40598,Hombre,Slim,8,19.964,Alta
284,FALSE,3.87081,1.68075,1.8672,0.93829,Hombre,Slim,3,17.637,Alta
285,FALSE,8.41976,0.70897,2.0035,1.15125,Hombre,Slim,7,42.919,Alta
286,FALSE,6.84939,1.64301,1.8782,1.39175,Hombre,Slim,6,23.142,Alta
287,FALSE,2.96789,1.78049,1.7866,1.24907,Hombre,Slim,1,15.211,Alta
288,FALSE,5.77171,4.07673,1.6693,1.57182,Hombre,Slim,5,23.237,Alta
289,FALSE,14.3046,-0.768,2.118,0.57174,Hombre,Slim,1,36.448,Alta
290,FALSE,11.8024,-0.4798,2.102,0.60386,Hombre,Slim,6,27.72,Alta
291,FALSE,7.89874,0.68554,1.9841,1.09219,Hombre,Slim,9,17.344,Alta
292,FALSE,10.1028,0.45711,1.967,1.10409,Hombre,Slim,8,15.286,Alta
293,FALSE,7.12666,2.44196,1.8672,1.50243,Hombre,Slim,6,24.204,Alta
294,FALSE,12.4243,-0.7403,2.1903,0.43395,Hombre,Slim,9,22.34,Alta
295,FALSE,11.392,-0.4275,2.1401,0.58957,Hombre,Slim,7,19.243,Alta
296,FALSE,3.02331,4.26937,1.6564,1.50249,Hombre,Slim,1,24.468,Alta
297,FALSE,10.1385,0.68004,1.9856,1.15879,Hombre,Slim,7,21.41,Alta
298,TRUE,1.1284,16.431,0.98396,2.82766,Hombre,Slim,2,61.24,Alta
299,TRUE,1.2613,39.486,0.51334,4.98364,Hombre,Slim,0,63.31,Alta
300,TRUE,0.8079,8.8797,1.10959,1.97321,Hombre,Slim,1,19.025,Alta
301,TRUE,1.2403,13.616,1.20119,1.1127,Hombre,Slim,0,42.14,Alta
302,TRUE,0.9404,15.705,0.96201,3.08228,Hombre,Slim,1,21.742,Alta
303,TRUE,0.7183,20.916,1.18732,3.13811,Hombre,Slim,0,47.023,Alta
304,TRUE,0.7735,5.304,1.31382,0.96843,Hombre,Slim,1,16.65,Alta
305,TRUE,0.781,24.483,0.80496,3.57183,Hombre,Slim,0,54.87,Alta
306,TRUE,0.7471,11.757,0.93342,2.28027,Hombre,Slim,1,24.693,Alta
307,TRUE,0.8578,6.4149,1.30499,1.26849,Hombre,Slim,1,20.291,Alta
308,TRUE,0.5954,6.6036,1.04809,0.46184,Hombre,Slim,0,24.057,Alta
309,TRUE,1.0362,43.086,0.90963,5.45961,Hombre,Slim,0,54.029,Alta
310,TRUE,0.5149,22.969,0.67035,3.49634,Hombre,Slim,1,19.352,Alta
311,TRUE,0.8297,12.894,0.91963,1.8929,Hombre,Slim,0,24.049,Alta
312,TRUE,0.5724,24.937,0.65634,2.76356,Hombre,Slim,0,44.268,Alta
313,TRUE,0.433,41.203,0.76768,5.4124,Hombre,Slim,0,39.001,Alta
314,TRUE,1.2058,12.546,1.11419,1.2861,Hombre,Slim,0,43.448,Alta
315,TRUE,1.435,34.191,0.94954,4.77431,Hombre,Slim,0,58.18,Alta
316,TRUE,0.7292,32.907,0.63502,4.34511,Hombre,Slim,0,68.984,Alta
317,TRUE,2.6826,18.703,1.29721,3.40744,Hombre,Slim,1,17.773,Alta
318,TRUE,1.2331,9.1406,1.1903,1.98527,Hombre,Slim,1,20.179,Media
319,TRUE,0.7365,21.012,0.98492,3.50685,Hombre,Slim,0,30.317,Media
320,TRUE,1.1789,19.857,1.11334,2.58841,Hombre,Slim,0,39.39,Media
321,TRUE,1.0359,13.418,0.96452,2.04697,Hombre,Slim,1,26.09,Media
322,TRUE,1.2989,15.492,1.02177,2.61612,Hombre,Slim,0,27.925,Media
323,TRUE,0.5542,8.9226,0.90972,0.55682,Hombre,Slim,1,23.726,Media
324,TRUE,0.719,16.286,0.9018,2.78404,Hombre,Slim,0,30.014,Media
325,TRUE,0.6047,17.326,0.77048,1.74164,Hombre,Slim,0,35.241,Media
326,TRUE,0.5271,22.408,0.96063,2.48303,Hombre,Slim,0,30.987,Media
327,TRUE,0.6429,14.119,1.13477,0.81958,Hombre,Slim,0,27.728,Media
328,TRUE,0.7739,22.463,0.84113,3.27316,Hombre,Slim,0,33.791,Media
329,TRUE,0.8297,18.501,1.01927,2.5142,Hombre,Slim,0,28.384,Media
330,TRUE,0.3462,27.479,0.95564,3.40536,Hombre,Slim,0,28.973,Media
331,TRUE,0.6167,30.699,0.92529,4.1223,Hombre,Slim,0,36.226,Media
332,TRUE,0.4514,14.608,0.94032,1.49064,Hombre,Slim,0,27.656,Media
333,TRUE,0.4808,14.149,0.83748,1.52952,Hombre,Slim,0,24.618,Media
334,TRUE,1.1059,11.373,1.17189,1.43166,Hombre,Slim,0,23.858,Media
335,TRUE,1.3184,15.68,1.18706,2.79994,Hombre,Slim,0,29.101,Media
336,TRUE,0.6853,21.138,1.05225,3.3887,Hombre,Slim,0,30.403,Media
337,TRUE,2.5226,0.8576,1.82188,0.25384,Hombre,Slim,0,15.197,Media
338,TRUE,0.6572,8.60889,1.1688,0.7011,Hombre,Slim,1,23.5325,Alta
339,TRUE,0.6973,20.2471,0.9276,3.5127,Hombre,Slim,2,15.3587,Alta
340,TRUE,0.8283,11.1766,1.1168,2.0071,Hombre,Slim,0,16.399,Alta
341,TRUE,0.5753,8.1478,1.1644,1.2542,Hombre,Slim,1,17.17,Alta
342,TRUE,0.4175,23.482,0.9217,2.8166,Hombre,Slim,1,31.977,Alta
343,TRUE,0.5154,10.0273,1.0476,0.9279,Hombre,Slim,1,24.0581,Alta
344,TRUE,0.5765,10.0392,1.2747,2.5181,Hombre,Slim,2,18.1572,Alta
345,TRUE,0.3679,36.2079,0.6006,4.8092,Hombre,Slim,1,22.9779,Alta
346,TRUE,0.7113,6.57323,1.1987,0.7276,Hombre,Slim,0,16.2621,Media
347,TRUE,0.1343,29.9032,0.9867,4.5982,Hombre,Slim,1,22.288,Media
348,TRUE,0.2958,16.632,0.7874,1.7157,Hombre,Slim,1,31.93,Media
349,TRUE,0.1719,41.5257,0.5413,5.702,Hombre,Slim,1,27.6667,Media
350,TRUE,0.1974,22.0582,0.9197,3.8575,Hombre,Slim,1,19.6478,Media
351,TRUE,0.406,6.18696,1.1441,1.7417,Hombre,Slim,2,25.4292,Media
352,TRUE,0.1533,44.6205,0.4939,5.9409,Hombre,Slim,1,25.368,Media
353,FALSE,0.0883,34.3409,0.7768,4.6475,Hombre,Slim,1,17.8531,Media
354,FALSE,0.0953,44.3244,0.4709,5.8589,Hombre,Slim,1,26.0934,Media
355,FALSE,0.1472,34.8586,0.9582,5.0529,Hombre,Slim,1,22.6999,Media
356,FALSE,0.0884,34.1194,0.749,4.4373,Hombre,Slim,1,18.3005,Media
357,FALSE,0.1549,25.3508,0.8448,3.2948,Hombre,Slim,1,23.8301,Media
358,FALSE,0.2284,17.4496,0.7467,3.3298,Hombre,Slim,1,28.56,Alta
359,FALSE,0.1316,33.7354,0.7262,4.6409,Hombre,Slim,1,25.0319,Alta
360,FALSE,0.1121,24.1617,0.7573,3.4663,Hombre,Slim,1,28.634,Alta
361,FALSE,0.1052,38.3349,0.777,5.1688,Hombre,Slim,1,33.0676,Alta
362,FALSE,0.1437,26.9479,0.6007,3.9879,Hombre,Slim,1,35.7242,Alta
363,FALSE,0.3578,6.4159,1.0268,1.4931,Hombre,Slim,2,17.0034,Media
364,FALSE,0.99,7.5473,1.3552,1.782,Hombre,Slim,1,17.8126,Media
365,FALSE,0.6423,8.9152,1.3934,2.0202,Hombre,Slim,1,21.8104,Media
366,FALSE,0.9819,5.1241,1.3313,1.3956,Hombre,Slim,2,23.3869,Media
367,FALSE,2.4682,5.5865,1.3108,1.2056,Hombre,Slim,3,41.6807,Alta
368,FALSE,1.1568,4.6969,1.3977,0.2758,Hombre,Slim,1,19.1795,Alta
369,FALSE,1.2536,9.57,1.1032,1.8179,Hombre,Slim,3,22.9331,Alta
370,FALSE,0.7208,13.482,1.1967,1.193,Hombre,Slim,0,15.2549,Alta
371,FALSE,1.5144,7.5359,1.2877,1.5021,Hombre,Slim,1,30.6735,Alta
372,FALSE,0.7495,8.0285,1.281,1.8773,Hombre,Slim,3,17.1896,Alta
373,FALSE,0.1955,45.3239,0.4503,6.178,Hombre,Slim,1,53.5935,Alta
374,FALSE,0.1503,49.7316,0.343,6.4594,Hombre,Slim,1,50.0023,Alta
375,FALSE,0.1383,29.8049,0.8787,4.569,Hombre,Slim,0,16.4317,Alta
376,FALSE,0.7698,38.8217,0.9884,5.282,Hombre,Slim,1,69.0141,Alta
377,FALSE,0.4355,39.7159,0.6667,5.265,Hombre,Slim,1,84.8592,Alta
378,FALSE,0.3537,33.9431,0.6609,4.3918,Hombre,Slim,1,63.6992,Alta
379,FALSE,0.3878,29.118,0.9448,4.2129,Hombre,Slim,1,27.9038,Media
380,FALSE,0.1368,15.0417,0.9717,2.5414,Hombre,Slim,1,30.193,Media
381,TRUE,0.9312,9.35692,1.1199,1.8556,Hombre,Slim,3,20.7244,Media
382,TRUE,1.0754,10.8557,1.1159,1.8371,Hombre,Slim,3,18.8987,Media
383,TRUE,0.2958,21.6252,0.6755,3.6986,Hombre,Slim,2,41.1325,Media
384,TRUE,0.412,34.398,0.9765,3.9708,Hombre,Slim,1,63.3172,Alta
385,TRUE,0.5765,25.7223,0.7979,2.8909,Hombre,Slim,1,63.874,Alta
386,TRUE,0.4671,22.0741,0.538,1.9657,Hombre,Slim,1,63.8446,Alta
387,TRUE,0.5926,16.5604,0.7161,3.0667,Hombre,Slim,2,72.6106,Alta
388,TRUE,0.5166,30.9446,1.0047,3.5621,Hombre,Slim,1,64.3962,Alta
389,TRUE,0.4524,38.1701,0.937,5.1716,Hombre,Slim,1,86.5077,Alta
390,TRUE,1.1609,33.1948,0.7154,4.8508,Hombre,Slim,2,22.9572,Alta
391,TRUE,0.916,15.1615,0.8377,2.8692,Hombre,Slim,3,30.6762,Alta
392,TRUE,0.9456,14.4144,1.299,2.6075,Hombre,Slim,3,25.3686,Alta
393,TRUE,0.8474,17.2756,1.0647,3.5566,Hombre,Slim,2,25.9901,Media
394,TRUE,1.2757,10.4056,1.1321,2.5943,Hombre,Slim,2,25.8711,Media
395,TRUE,0.5722,16.5118,0.8853,3.145,Hombre,Slim,2,17.6314,Media
396,TRUE,0.7513,12.732,1.0797,2.5743,Hombre,Slim,3,19.0904,Media
397,TRUE,0.4969,14.6312,1.0341,2.6405,Hombre,Slim,1,15.9662,Media
398,TRUE,0.3857,32.3878,0.4422,4.2738,Hombre,Slim,1,37.0216,Media
399,TRUE,0.3026,36.2685,0.5362,5.1946,Hombre,Slim,1,34.4619,Media
400,TRUE,0.3707,16.5318,0.807,2.4383,Hombre,Slim,1,15.0096,Media
401,TRUE,0.3983,9.12483,1.0682,1.566,Hombre,Slim,1,15.5398,Media
402,TRUE,0.3571,19.1922,0.5087,2.0965,Hombre,Slim,1,33.1737,Media
403,TRUE,0.4354,22.8589,0.6587,2.8982,Hombre,Slim,1,36.3172,Media
404,FALSE,0.5194,20.7106,0.9159,3.6567,Hombre,Slim,1,20.0431,Media
405,FALSE,1.5284,13.3085,1.2325,3.2035,Hombre,Slim,1,24.7718,Media
406,FALSE,0.316,21.7718,1.1346,3.0878,Hombre,Slim,0,17.9577,Media
407,FALSE,0.1813,31.9605,0.796,4.4458,Hombre,Slim,0,18.5026,Media
408,FALSE,0.3032,44.9907,0.7254,5.7598,Hombre,Slim,1,20.2486,Media
409,FALSE,0.2808,42.1962,0.764,5.7876,Hombre,Slim,0,19.9628,Media
410,FALSE,0.3555,37.5903,0.7282,5.1891,Hombre,Slim,1,25.775,Media
411,FALSE,0.386,33.0631,1.0431,4.6501,Hombre,Slim,1,22.1274,Media
412,FALSE,0.8192,21.1585,0.9729,3.3664,Hombre,Slim,1,51.0634,Alta
413,FALSE,0.892,17.1296,1.2111,3.3392,Hombre,Slim,1,21.5017,Alta
414,FALSE,0.6345,12.803,1.202,2.8866,Hombre,Slim,0,16.3436,Alta
415,FALSE,1.0768,17.2273,1.129,3.6062,Hombre,Slim,0,17.5444,Alta
416,FALSE,0.4669,20.2213,0.9383,3.2108,Hombre,Slim,0,17.1632,Alta
417,FALSE,0.4619,28.2579,1.1009,3.6272,Hombre,Slim,1,32.6034,Alta
418,FALSE,0.3002,33.0619,1.0302,5.1345,Hombre,Slim,0,19.8329,Alta
419,FALSE,0.186,30.3119,0.7696,3.9128,Hombre,Slim,1,27.6188,Alta
420,FALSE,0.4199,27.9583,0.8476,3.7511,Hombre,Slim,1,27.0683,Alta
421,FALSE,0.3764,28.843,1.0074,3.6619,Hombre,Slim,0,16.8823,Alta
422,FALSE,0.3251,19.6116,0.9703,2.5231,Hombre,Slim,1,22.6732,Alta
423,FALSE,0.2188,27.8399,0.7771,3.9344,Hombre,Slim,1,20.2704,Alta
424,FALSE,1.3285,18.6306,1.0888,3.5708,Hombre,Slim,2,31.7127,Media
425,FALSE,2.4902,13.0651,1.2834,2.9002,Hombre,Slim,1,36.3862,Media
426,FALSE,1.8556,12.7747,1.272,2.8116,Hombre,Slim,2,26.1392,Media
427,FALSE,1.5828,13.25,1.1862,2.5907,Hombre,Slim,1,22.2901,Alta
428,FALSE,0.9275,11.4119,1.2326,2.5903,Hombre,Slim,1,23.7785,Media
429,TRUE,1.4531,16.0153,0.9557,3.4209,Hombre,Slim,3,38.9709,Alta
430,TRUE,1.2879,20.9277,1.0122,3.7676,Hombre,Slim,3,28.1418,Alta
431,TRUE,1.3706,18.7488,0.9145,3.244,Hombre,Slim,0,16.2076,Alta
432,TRUE,0.4986,18.636,0.6298,1.8932,Hombre,Slim,2,57.6657,Alta
433,TRUE,2.1784,15.8433,1.1147,3.0632,Hombre,Slim,4,26.0632,Alta
434,TRUE,2.1023,16.1063,1.0262,3.1806,Hombre,Slim,5,29.0441,Alta
435,TRUE,1.5404,22.2756,1.1322,3.725,Hombre,Slim,2,16.4603,Alta
436,TRUE,1.3937,12.6772,0.8995,2.9229,Hombre,Slim,4,53.1231,Alta
437,TRUE,0.5468,30.3171,0.5535,3.664,Hombre,Slim,2,62.2041,Alta
438,TRUE,1.1228,15.5177,1.0304,3.0942,Hombre,Slim,3,35.709,Alta
439,TRUE,0.6455,18.9791,0.8951,2.5431,Hombre,Slim,2,45.7879,Media
440,TRUE,0.4362,24.2427,0.8111,3.0094,Hombre,Slim,2,38.1584,Media
441,TRUE,0.5468,27.235,0.7587,3.754,Hombre,Slim,1,37.0239,Media
442,TRUE,0.2789,15.4015,0.8134,1.2337,Hombre,Slim,1,34.3023,Media
443,TRUE,1.0676,22.2309,1.0969,2.9714,Hombre,Slim,2,37.3908,Media
444,TRUE,0.487,21.6175,0.718,2.832,Hombre,Slim,2,39.5802,Media
445,TRUE,0.5217,30.0106,0.5303,4.622,Hombre,Slim,1,39.4277,Media
446,TRUE,0.4412,28.4038,1.042,4.0106,Hombre,Slim,1,33.8007,Media
447,TRUE,0.1971,18.9236,0.7196,1.9002,Hombre,Slim,2,38.2405,Media
448,TRUE,0.333,27.6306,1.024,3.6113,Hombre,Slim,1,38.6492,Media
449,FALSE,3.0404,0.8857,1.9019,0.01145,Hombre,Medium,1,15.167,Alta
450,FALSE,3.387,0.4098,1.9566,-0.6926,Hombre,Medium,1,18.076,Alta
451,FALSE,4.462,0.4714,1.9885,0.13937,Hombre,Medium,2,23.537,Alta
452,FALSE,4.1522,5.604,1.5911,1.66991,Hombre,Medium,2,15.085,Alta
453,FALSE,3.6026,0.8544,1.8851,0.51689,Hombre,Medium,1,20.355,Alta
454,FALSE,3.3793,2.1328,1.8472,0.89977,Hombre,Medium,3,22.159,Alta
455,FALSE,3.8842,0.4341,1.929,0.19932,Hombre,Medium,1,30.555,Alta
456,FALSE,7.6969,-1.206,2.249,0.26705,Hombre,Medium,1,19.508,Alta
457,FALSE,6.8984,-1.2,2.2159,0.12026,Hombre,Medium,0,16.243,Alta
458,FALSE,4.2175,1.5863,1.8363,0.63989,Hombre,Medium,2,20.257,Alta
459,FALSE,3.4187,0.8839,1.8285,0.36605,Hombre,Medium,2,20.225,Alta
460,FALSE,3.6214,4.8076,1.6314,1.2169,Hombre,Medium,2,18.226,Alta
461,FALSE,2.756,4.074,1.5903,1.26524,Hombre,Medium,2,20.465,Alta
462,FALSE,3.0816,0.5664,1.9319,0.87714,Hombre,Medium,1,19.736,Alta
463,FALSE,5.1482,-0.746,2.1718,0.29225,Hombre,Medium,0,15.112,Alta
464,FALSE,3.6619,0.6716,1.9011,0.35827,Hombre,Medium,2,18.624,Alta
465,FALSE,2.9266,3.0241,1.6854,1.17154,Hombre,Medium,3,17.38,Alta
466,FALSE,2.5851,3.6309,1.672,0.99589,Hombre,Medium,2,23.389,Alta
467,FALSE,4.6682,0.8066,1.8982,0.71903,Hombre,Medium,1,22.34,Alta
468,FALSE,6.9395,-0.933,2.1514,0.1435,Hombre,Medium,1,17.695,Alta
469,FALSE,3.8893,1.0277,1.8434,0.20047,Hombre,Medium,1,15.92,Media
470,FALSE,3.8672,2.7368,1.7589,0.87199,Hombre,Medium,2,17.922,Media
471,FALSE,4.2824,0.8581,1.939,0.503,Hombre,Medium,1,15.106,Media
472,FALSE,4.3049,0.119,1.9685,0.67253,Hombre,Medium,1,16.264,Media
473,FALSE,5.6112,-0.51,2.0699,0.64242,Hombre,Medium,1,19.589,Media
474,FALSE,6.6032,-0.93,2.1854,0.58177,Hombre,Medium,0,15.121,Media
475,FALSE,4.5038,1.065,1.8694,0.34741,Hombre,Medium,1,15.35,Media
476,FALSE,3.9893,1.6867,1.7916,0.71078,Hombre,Medium,1,15.435,Media
477,FALSE,3.5928,3.6563,1.649,1.09661,Hombre,Medium,1,15.4,Media
478,FALSE,2.6819,1.2902,1.8759,0.71283,Hombre,Medium,2,18.635,Media
479,FALSE,7.8331,-0.922,2.1186,0.50074,Hombre,Medium,0,15.769,Media
480,FALSE,6.1655,-0.548,2.0072,0.5153,Hombre,Medium,1,18.216,Media
481,FALSE,5.0057,-0.527,2.0961,0.50473,Hombre,Medium,0,15.757,Media
482,FALSE,3.6473,1.591,1.835,0.98286,Hombre,Medium,1,25.871,Media
483,FALSE,2.8591,1.5361,1.7888,0.63958,Hombre,Medium,2,23.629,Media
484,FALSE,2.5387,1.5931,1.7719,0.48479,Hombre,Medium,1,20.004,Media
485,FALSE,2.4872,5.0861,1.6035,1.37345,Hombre,Medium,1,15.664,Media
486,FALSE,6.3472,-0.766,2.1519,0.55468,Hombre,Medium,0,15.635,Media
487,FALSE,3.6452,2.2131,1.7907,0.82196,Hombre,Medium,2,25.033,Media
488,FALSE,3.3466,1.1234,1.8374,0.31139,Hombre,Medium,1,21.192,Media
489,FALSE,3.74557,1.3754,1.872,0.61449,Hombre,Medium,2,17.132,Alta
490,FALSE,4.04869,0.2123,1.9353,0.32388,Hombre,Medium,0,15.959,Alta
491,FALSE,3.74377,1.139,1.9246,0.64306,Hombre,Medium,0,15.728,Alta
492,FALSE,3.81571,1.0465,1.9111,0.6378,Hombre,Medium,0,15.816,Alta
493,FALSE,3.28551,1.8822,1.8668,0.89839,Hombre,Medium,0,16.939,Alta
494,FALSE,3.97781,0.871,1.9173,0.62452,Hombre,Medium,0,16.138,Alta
495,FALSE,3.51566,0.1502,1.9676,0.40712,Hombre,Medium,0,15.78,Alta
496,FALSE,3.41131,1.6254,1.8798,0.89438,Hombre,Medium,0,15.112,Alta
497,FALSE,3.45448,0.938,1.9666,0.52989,Hombre,Medium,0,16.703,Alta
498,FALSE,4.16563,0.7945,1.9684,0.48973,Hombre,Medium,0,15.171,Alta
499,FALSE,2.91859,3.2187,1.7546,1.23247,Hombre,Medium,1,15.317,Alta
500,FALSE,3.67447,0.5234,1.9259,0.34902,Hombre,Medium,0,16.1,Alta
501,FALSE,4.19081,0.2698,1.9622,0.31421,Hombre,Medium,0,16.337,Alta
502,FALSE,3.75219,1.1866,1.9127,0.51386,Hombre,Medium,1,18.072,Alta
503,FALSE,3.39004,0.4271,1.9681,0.31703,Hombre,Medium,0,16.693,Alta
504,FALSE,4.38607,0.1342,2.0377,0.28658,Hombre,Medium,1,17.993,Alta
505,FALSE,3.48385,1.6513,1.8881,0.84069,Hombre,Medium,0,16.305,Alta
506,FALSE,3.52421,0.642,1.9644,0.49732,Hombre,Medium,0,15.174,Alta
507,FALSE,3.71833,0.8088,1.9314,0.5241,Hombre,Medium,0,15.929,Alta
508,FALSE,3.9039,0.8978,1.9258,0.45672,Hombre,Medium,1,17.838,Alta
509,FALSE,3.45678,0.6532,1.9495,0.33076,Hombre,Medium,0,15.068,Media
510,FALSE,3.92672,0.734,1.9155,0.4776,Hombre,Medium,1,15.879,Media
511,FALSE,3.25041,1.973,1.8408,0.87237,Hombre,Medium,1,15.591,Media
512,FALSE,3.39006,2.7309,1.7978,1.04997,Hombre,Medium,3,19.661,Media
513,FALSE,3.51683,1.1911,1.9519,0.60294,Hombre,Medium,1,19.131,Media
514,FALSE,3.70479,1.4118,1.8459,0.82273,Hombre,Medium,1,15.324,Media
515,FALSE,3.5481,2.2385,1.8191,1.03986,Hombre,Medium,2,15.012,Media
516,FALSE,3.22006,2.7109,1.8054,1.02054,Hombre,Medium,1,15.939,Media
517,FALSE,3.36868,2.6745,1.8091,1.06479,Hombre,Medium,1,15.016,Media
518,FALSE,3.48424,2.3436,1.8501,1.04053,Hombre,Medium,2,17.736,Media
519,FALSE,3.02423,1.0066,1.9123,0.48815,Hombre,Medium,1,18.244,Media
520,FALSE,4.72014,1.0152,1.9271,0.72647,Hombre,Medium,2,17.698,Media
521,FALSE,3.27873,2.1359,1.8385,0.93964,Hombre,Medium,0,15.637,Media
522,FALSE,2.90215,1.7174,1.8423,0.8214,Hombre,Medium,1,16.828,Media
523,FALSE,3.79837,1.5331,1.8786,0.76137,Hombre,Medium,0,16.309,Media
524,FALSE,3.78431,2.3748,1.8142,0.97828,Hombre,Medium,2,16.542,Media
525,FALSE,4.11686,1.1234,1.9088,0.57194,Hombre,Medium,1,16.629,Media
526,FALSE,3.57284,1.626,1.8275,0.78913,Hombre,Medium,1,16.576,Media
527,FALSE,3.38173,1.4135,1.8857,0.58549,Hombre,Medium,0,16.714,Media
528,FALSE,3.60661,2.539,1.7417,0.95519,Hombre,Medium,1,16.759,Media
529,FALSE,10.487,0.355,1.948,0.8433,Hombre,Medium,7,23.337,Alta
530,FALSE,8.6778,0.5745,2.0408,1.0159,Hombre,Medium,7,33.3195,Alta
531,FALSE,7.1635,0.1678,2.0135,0.6676,Hombre,Medium,2,18.8031,Alta
532,FALSE,6.6886,0.239,2.0642,0.7746,Hombre,Medium,3,24.3322,Alta
533,FALSE,16.127,-0.655,2.1211,0.6369,Hombre,Medium,17,20.0103,Alta
534,FALSE,11.57,0.0578,2.0427,0.6973,Hombre,Medium,10,24.3584,Alta
535,FALSE,8.7387,-0.09,2.0978,0.7556,Hombre,Medium,8,15.6612,Alta
536,FALSE,13.204,0.5304,1.9662,0.9835,Hombre,Medium,10,32.6078,Alta
537,FALSE,18.507,-0.532,2.1023,0.6652,Hombre,Medium,16,21.9292,Alta
538,FALSE,15.332,-0.42,2.1335,0.555,Hombre,Medium,12,31.7062,Alta
539,FALSE,12.241,-0.175,2.0502,0.9263,Hombre,Medium,9,21.3908,Alta
540,FALSE,11.016,0.0629,2.0269,0.9212,Hombre,Medium,9,17.4412,Alta
541,FALSE,0.1489,34.771,0.6751,4.5237,Hombre,Medium,0,21.3913,Alta
542,FALSE,17.702,-0.899,2.206,0.3385,Hombre,Medium,18,27.0469,Alta
543,FALSE,14.413,-0.285,2.1466,0.7493,Hombre,Medium,13,36.09,Alta
544,FALSE,6.8897,2.1071,1.8127,1.4417,Hombre,Medium,5,31.2684,Alta
545,FALSE,11.557,0.1878,1.9939,0.874,Hombre,Medium,8,-14.554,Alta
546,FALSE,3.1584,2.3671,1.5483,1.2375,Hombre,Medium,4,33.0185,Alta
547,FALSE,14.242,-0.584,2.172,0.581,Hombre,Medium,12,20.2607,Alta
548,FALSE,14.197,-0.117,2.1207,0.7063,Hombre,Medium,11,47.1154,Alta
549,FALSE,12.394,-1.083,2.1946,0.2318,Hombre,Medium,12,20.0168,Media
550,FALSE,7.3856,-0.367,2.1706,0.561,Hombre,Medium,7,16.3873,Media
551,FALSE,5.9415,-0.221,2.0701,0.5916,Hombre,Medium,0,20.5885,Media
552,FALSE,3.0095,0.7386,1.8938,0.3368,Hombre,Medium,0,19.7793,Media
553,FALSE,11.094,-0.968,2.1907,0.3373,Hombre,Medium,13,20.0546,Media
554,FALSE,7.3844,-0.087,1.999,0.6588,Hombre,Medium,8,17.47,Media
555,FALSE,6.5508,0.4989,2.0634,0.7959,Hombre,Medium,3,24.9226,Media
556,FALSE,4.0465,0.3134,1.9459,0.7054,Hombre,Medium,0,20.4481,Media
557,FALSE,5.7673,-0.423,2.1523,0.4301,Hombre,Medium,1,16.0113,Media
558,FALSE,6.747,-0.335,2.1518,0.5551,Hombre,Medium,3,21.1789,Media
559,FALSE,0.922,6.0267,1.3052,1.5136,Hombre,Medium,0,20.5823,Media
560,FALSE,8.6368,-0.637,2.1078,0.4086,Hombre,Medium,11,25.0036,Media
561,FALSE,5.8549,0.638,1.9612,0.8221,Hombre,Medium,4,21.236,Media
562,FALSE,11.17,-0.819,2.159,0.182,Hombre,Medium,9,19.0504,Media
563,FALSE,12.141,-0.76,2.184,0.3309,Hombre,Medium,9,25.0596,Media
564,FALSE,11.186,-0.63,2.1652,0.571,Hombre,Medium,9,-14.976,Media
565,FALSE,11.977,-1.064,2.1984,0.2191,Hombre,Medium,15,22.1505,Media
566,FALSE,11.824,-1.127,2.237,0.1766,Hombre,Medium,9,18.5568,Media
567,FALSE,12.412,-0.938,2.2206,0.5111,Hombre,Medium,6,16.3267,Media
568,FALSE,10.266,-0.642,2.1636,0.6907,Hombre,Medium,8,17.9145,Media
569,TRUE,1.0867,12.552,1.1128,2.3723,Hombre,Medium,1,62.01,Alta
570,TRUE,0.5415,17.222,0.8726,2.4411,Hombre,Medium,1,61.5032,Alta
571,TRUE,0.352,15.783,1.1154,2.0569,Hombre,Medium,2,73.1178,Alta
572,TRUE,0.52,12.263,0.8929,1.405,Hombre,Medium,0,48.8078,Alta
573,TRUE,1.5416,12.59,1.1294,2.3711,Hombre,Medium,2,19.1639,Alta
574,TRUE,0.455,17.149,0.7717,2.3716,Hombre,Medium,0,40.1446,Alta
575,TRUE,0.0373,45.477,0.3878,3.0643,Hombre,Medium,1,60.4742,Alta
576,TRUE,0.3188,40.452,0.6301,5.2906,Hombre,Medium,0,78.1827,Alta
577,TRUE,0.5059,18.143,0.7373,2.8946,Hombre,Medium,2,70.9095,Alta
578,TRUE,0.7943,27.294,1.0542,3.7836,Hombre,Medium,0,52.8932,Alta
579,TRUE,1.3461,24.483,0.9834,3.9158,Hombre,Medium,2,16.3462,Alta
580,TRUE,0.4194,32.028,0.7898,4.2406,Hombre,Medium,0,70.588,Alta
581,TRUE,0.3094,25.985,0.7805,3.5004,Hombre,Medium,0,66.7715,Alta
582,TRUE,0.7761,14.324,0.8903,1.6131,Hombre,Medium,1,54.8213,Alta
583,TRUE,0.4359,32.109,0.5601,4.1862,Hombre,Medium,0,89.5477,Alta
584,TRUE,0.7572,26.996,0.9605,3.1968,Hombre,Medium,0,63.4625,Alta
585,TRUE,0.3546,31.076,0.6614,4.5181,Hombre,Medium,0,70.7582,Alta
586,TRUE,0.3805,32.47,0.8155,4.5097,Hombre,Medium,1,70.7636,Alta
587,TRUE,0.4304,25.695,0.7713,3.468,Hombre,Medium,0,59.2076,Alta
588,TRUE,0.5522,32.088,0.9396,4.6621,Hombre,Medium,0,68.5119,Alta
589,TRUE,0.2449,20.272,0.7156,2.7385,Hombre,Medium,0,33.6168,Media
590,TRUE,0.2518,20.065,0.9247,2.7137,Hombre,Medium,0,26.525,Media
591,TRUE,0.2744,29.423,0.8041,4.3253,Hombre,Medium,0,42.9126,Media
592,TRUE,0.3226,21.691,0.6635,3.5319,Hombre,Medium,1,45.8035,Media
593,TRUE,0.3315,17.758,0.8576,2.4499,Hombre,Medium,0,42.0874,Media
594,TRUE,0.4064,25.817,0.8013,3.9185,Hombre,Medium,0,46.592,Media
595,TRUE,0.6586,7.0225,1.3886,0.8026,Hombre,Medium,2,16.9745,Media
596,TRUE,0.2672,16.48,1.0638,2.4503,Hombre,Medium,0,38.2685,Media
597,TRUE,0.4197,27.217,0.7663,4.2126,Hombre,Medium,0,42.0815,Media
598,TRUE,0.5405,10.215,0.9646,1.0466,Hombre,Medium,0,37.4823,Media
599,TRUE,0.6403,16.728,0.8008,1.7699,Hombre,Medium,0,38.7961,Media
600,TRUE,0.1218,11.738,0.9677,1.7787,Hombre,Medium,2,44.5407,Media
601,TRUE,0.3029,33.661,0.7347,5.161,Hombre,Medium,0,40.1689,Media
602,TRUE,0.2701,9.514,0.9968,0.9331,Hombre,Medium,1,35.6194,Media
603,TRUE,0.3449,16.656,0.875,2.7822,Hombre,Medium,0,30.4307,Media
604,TRUE,0.2458,12.755,0.7868,1.805,Hombre,Medium,1,35.4028,Media
605,TRUE,0.3797,6.2609,0.9022,0.3091,Hombre,Medium,0,32.4872,Media
606,TRUE,0.2769,5.858,0.9979,0.2983,Hombre,Medium,2,33.7044,Media
607,TRUE,0.5556,4.3591,1.152,0.7207,Hombre,Medium,2,29.0541,Media
608,TRUE,0.5595,8.6446,0.9919,1.3881,Hombre,Medium,1,36.5442,Media
609,TRUE,1.9028,10.3733,1.3169,2.031,Hombre,Medium,2,16.5552,Media
610,TRUE,0.663,10.3296,1.1708,2.3168,Hombre,Medium,2,36.0036,Media
611,TRUE,0.4921,14.9313,1.0377,2.5155,Hombre,Medium,1,30.8038,Media
612,TRUE,0.4921,14.9313,1.0377,2.5155,Hombre,Medium,1,30.8038,Media
613,TRUE,0.3803,16.3956,1.0291,1.8428,Hombre,Medium,1,42.8809,Media
614,TRUE,1.1516,13.7993,1.1825,2.6599,Hombre,Medium,2,17.3848,Media
615,TRUE,0.7967,8.89628,1.1952,1.219,Hombre,Medium,2,35.7512,Media
616,TRUE,0.5237,9.8207,1.0166,1.4538,Hombre,Medium,1,32.0332,Media
617,TRUE,0.7611,8.70991,1.3765,2.0384,Hombre,Medium,2,25.9449,Media
618,TRUE,0.6934,10.0228,1.109,1.2696,Hombre,Medium,1,31.8737,Media
619,TRUE,0.5573,20.9988,1.0989,3.0385,Hombre,Medium,1,48.9418,Alta
620,TRUE,2.2118,15.5407,1.1186,3.0642,Hombre,Medium,2,15.5817,Alta
621,TRUE,1.3267,9.63106,1.4004,2.3113,Hombre,Medium,3,24.1051,Alta
622,TRUE,0.147,14.6808,1.0533,2.1609,Hombre,Medium,1,62.725,Alta
623,TRUE,0.2375,18.5556,0.9267,2.3232,Hombre,Medium,1,66.5621,Alta
624,TRUE,0.3921,24.5894,0.5894,3.6833,Hombre,Medium,1,54.4586,Alta
625,TRUE,1.343,17.8072,1.1105,3.2578,Hombre,Medium,2,16.9334,Alta
626,TRUE,0.3735,21.1342,0.8055,2.7398,Hombre,Medium,2,64.7162,Alta
627,TRUE,1.1587,12.1223,1.193,2.4743,Hombre,Medium,3,23.5658,Alta
628,TRUE,0.2508,31.8887,0.6422,4.5014,Hombre,Medium,1,53.0631,Alta
629,TRUE,0.1793,11.9801,0.9626,2.1597,Hombre,Medium,2,37.7581,Media
630,TRUE,0.4297,10.4921,0.8936,2.1914,Hombre,Medium,1,33.2796,Media
631,TRUE,0.2121,13.8829,0.8601,2.5316,Hombre,Medium,2,31.3057,Media
632,TRUE,0.9327,7.93253,1.2457,2.194,Hombre,Medium,2,26.3292,Media
633,TRUE,0.5636,13.5598,1.0993,2.5749,Hombre,Medium,2,36.4802,Media
634,TRUE,0.3019,19.7032,0.8043,2.4525,Hombre,Medium,1,35.7272,Media
635,TRUE,0.5443,10.585,1.1511,2.0596,Hombre,Medium,2,21.9647,Media
636,TRUE,0.2315,15.1308,0.8504,2.419,Hombre,Medium,2,32.7574,Media
637,TRUE,1.5178,16.8595,1.0665,2.9604,Hombre,Medium,4,17.3596,Alta
638,TRUE,2.3172,17.0193,1.106,3.3234,Hombre,Medium,3,39.108,Alta
639,TRUE,1.4381,23.6756,0.8309,3.5785,Hombre,Medium,3,19.2776,Alta
640,TRUE,2.5783,27.1689,0.9688,4.3135,Hombre,Medium,2,29.6664,Alta
641,TRUE,0.4941,16.4811,0.7281,3.0556,Hombre,Medium,2,62.0712,Alta
642,TRUE,0.2783,19.4462,0.6937,2.5529,Hombre,Medium,1,61.2455,Alta
643,TRUE,0.7043,18.0901,0.7883,2.7906,Hombre,Medium,1,70.7557,Alta
644,FALSE,14.363,-0.999,2.156,0.5073,Hombre,Medium,10,23.071,Alta
645,FALSE,13.604,-0.787,2.1383,0.4883,Hombre,Medium,11,33.6176,Alta
646,FALSE,10.255,-0.61,2.1192,0.5873,Hombre,Medium,6,29.6225,Alta
647,FALSE,14.115,-0.932,2.1896,0.4212,Hombre,Medium,11,29.0537,Alta
648,FALSE,12.938,-1.062,2.1515,0.4848,Hombre,Medium,10,21.4215,Alta
649,FALSE,2.6296,1.2311,1.8327,0.51,Hombre,Medium,0,17.9619,Alta
650,FALSE,14.392,-1.013,2.1249,0.4621,Hombre,Medium,13,18.631,Alta
651,FALSE,12.347,-0.77,2.1137,0.5822,Hombre,Medium,8,26.9216,Alta
652,FALSE,12.638,-0.639,2.0552,0.5262,Hombre,Medium,6,15.1431,Alta
653,FALSE,12.666,-0.896,2.108,0.5114,Hombre,Medium,9,30.4929,Alta
654,FALSE,14.913,-0.884,2.1282,0.5494,Hombre,Medium,10,19.7939,Alta
655,FALSE,13.823,-0.982,2.1953,0.4519,Hombre,Medium,10,19.4607,Alta
656,FALSE,12.495,-0.242,2.0088,0.6976,Hombre,Medium,7,22.6252,Alta
657,FALSE,12.234,-0.983,2.1332,0.4239,Hombre,Medium,7,28.6656,Alta
658,FALSE,10.376,-0.552,2.1453,0.4974,Hombre,Medium,6,24.6056,Alta
659,FALSE,13.259,-0.688,2.0521,0.5832,Hombre,Medium,9,29.0692,Alta
660,FALSE,12.747,-0.799,2.0517,0.5602,Hombre,Medium,10,17.9161,Alta
661,FALSE,13.006,-1.131,2.1998,0.4481,Hombre,Medium,7,31.3662,Alta
662,FALSE,14.361,-1.053,2.1192,0.3525,Hombre,Medium,9,21.6133,Alta
663,FALSE,12.157,-0.951,2.1513,0.5072,Hombre,Medium,9,18.4712,Alta
664,FALSE,12.439,-1.285,2.1657,0.3769,Hombre,Medium,6,22.9353,Media
665,FALSE,9.3946,-1.313,2.2534,0.235,Hombre,Medium,0,16.0623,Media
666,FALSE,10.327,-1.213,2.1997,0.4071,Hombre,Medium,1,20.2814,Media
667,FALSE,11.478,-1.248,2.2106,0.3518,Hombre,Medium,4,17.8779,Media
668,FALSE,11.382,-1.248,2.205,0.4368,Hombre,Medium,7,18.9141,Media
669,FALSE,10.986,-0.998,2.0808,0.4626,Hombre,Medium,5,28.0374,Media
670,FALSE,11.248,-1.132,2.1654,0.5172,Hombre,Medium,9,15.5812,Media
671,FALSE,9.8961,-1.004,2.2094,0.3734,Hombre,Medium,8,19.2978,Media
672,FALSE,8.6574,-0.705,2.1542,0.4764,Hombre,Medium,3,19.0341,Media
673,FALSE,10.144,-1.125,2.1894,0.4122,Hombre,Medium,5,20.08,Media
674,FALSE,10.389,-1.091,2.1793,0.4644,Hombre,Medium,7,16.9707,Media
675,FALSE,10.021,-1.138,2.2438,0.379,Hombre,Medium,6,17.8583,Media
676,FALSE,10.704,-0.698,2.1073,0.5847,Hombre,Medium,7,15.6293,Media
677,FALSE,9.761,-1.065,2.2465,0.2275,Hombre,Medium,3,19.4991,Media
678,FALSE,10.537,-1.107,2.2016,0.4009,Hombre,Medium,7,21.8397,Media
679,FALSE,9.7712,-1.214,2.2332,0.397,Hombre,Medium,3,16.6186,Media
680,FALSE,9.3817,-1.023,2.1805,0.4906,Hombre,Medium,5,17.2409,Media
681,FALSE,9.4616,-1.07,2.1998,0.3055,Hombre,Medium,3,21.8973,Media
682,FALSE,9.2674,-0.973,2.1757,0.3588,Hombre,Medium,4,17.2105,Media
683,FALSE,1.9346,2.3972,1.6955,0.7635,Hombre,Medium,2,15.273,Media
684,FALSE,1.2235,3.92744,1.5436,1.1356,Hombre,Medium,1,17.359,Alta
685,FALSE,0.586,27.1363,0.9896,3.9831,Hombre,Medium,1,36.421,Alta
686,FALSE,0.2029,17.6538,0.9677,2.64,Hombre,Medium,1,32.217,Alta
687,FALSE,1.2421,13.2074,0.9928,3.0994,Hombre,Medium,3,33.213,Alta
688,FALSE,0.1546,32.388,0.8176,4.6885,Hombre,Medium,1,24.459,Alta
689,FALSE,0.0432,39.9247,0.3504,5.8956,Hombre,Medium,1,22.826,Alta
690,FALSE,0.3602,27.8001,0.7876,4.0858,Hombre,Medium,1,19.708,Alta
691,FALSE,0.2,23.9776,0.7179,3.6084,Hombre,Medium,1,20.384,Alta
692,FALSE,0.7469,12.2781,1.1624,2.6579,Hombre,Medium,1,19.023,Alta
693,FALSE,1.4595,7.31685,1.416,1.9717,Hombre,Medium,1,19.09,Alta
694,FALSE,0.2754,44.1196,0.6071,5.7582,Hombre,Medium,1,23.98,Alta
695,FALSE,1.0441,6.47686,1.2615,1.4251,Hombre,Medium,1,28.374,Alta
696,FALSE,0.3712,36.6341,0.8424,5.0656,Hombre,Medium,1,33.592,Alta
697,FALSE,0.4696,24.6243,1.0172,4.0165,Hombre,Medium,1,30.289,Alta
698,FALSE,0.7398,15.1646,1.0941,2.8782,Hombre,Medium,1,25.194,Alta
699,FALSE,0.4595,6.62666,1.1711,1.215,Hombre,Medium,1,19.267,Alta
700,FALSE,0.4504,29.7245,0.8473,4.4811,Hombre,Medium,1,35.809,Alta
701,FALSE,1.053,11.5745,1.3925,2.7321,Hombre,Medium,2,26.875,Alta
702,FALSE,0.7098,3.54696,1.494,1.127,Hombre,Medium,2,17.387,Alta
703,FALSE,0.4299,10.787,1.2601,2.2663,Hombre,Medium,1,26.114,Alta
704,FALSE,1.2374,4.88002,1.4706,-0.139,Hombre,Medium,1,20.302,Media
705,FALSE,1.3688,1.76644,1.6294,0.4554,Hombre,Medium,1,18.015,Media
706,FALSE,1.4541,2.08167,1.6948,0.5495,Hombre,Medium,2,17.197,Media
707,FALSE,0.2286,19.4662,0.7899,2.4442,Hombre,Medium,1,17.292,Media
708,FALSE,0.7148,9.74187,1.1045,1.6688,Hombre,Medium,1,20.731,Media
709,FALSE,0.1187,26.6704,0.5873,3.6675,Hombre,Medium,1,23.371,Media
710,FALSE,0.1207,29.1839,0.9638,4.1805,Hombre,Medium,1,17.148,Media
711,FALSE,0.2783,26.5752,0.7244,3.5823,Hombre,Medium,1,33.361,Media
712,FALSE,0.1944,33.2789,0.7292,4.5131,Hombre,Medium,1,31.637,Media
713,FALSE,1.0013,8.97311,1.3794,2.2759,Hombre,Medium,1,15.997,Media
714,FALSE,0.7951,7.15072,1.4816,1.9767,Hombre,Medium,2,18.91,Media
715,FALSE,0.1712,10.483,0.7724,0.9077,Hombre,Medium,1,19.765,Media
716,FALSE,1.3476,4.66342,1.432,1.3089,Hombre,Medium,1,15.152,Media
717,FALSE,0.8103,11.4825,1.2911,2.5921,Hombre,Medium,1,24.066,Media
718,FALSE,0.3193,11.7533,1.0089,2.3414,Hombre,Medium,1,24.108,Media
719,FALSE,0.2451,32.4634,0.5783,4.7169,Hombre,Medium,1,23.189,Media
720,FALSE,0.8468,24.3342,1.193,4.133,Hombre,Medium,1,23.127,Media
721,FALSE,0.8684,10.1841,1.3344,2.5612,Hombre,Medium,2,20.566,Media
722,FALSE,0.654,20.8887,1.0294,3.72,Hombre,Medium,1,24.67,Media
723,FALSE,0.0217,53.2945,0.2833,6.2836,Hombre,Medium,1,18.004,Media
724,FALSE,0.3343,11.3151,0.9253,1.9914,Hombre,Medium,2,35.3477,Alta
725,FALSE,0.5232,24.6027,0.9608,3.5912,Hombre,Medium,1,42.8913,Alta
726,FALSE,3.432,5.15675,1.6694,1.9503,Hombre,Medium,3,38.6551,Alta
727,FALSE,0.5482,17.3111,0.9637,2.8713,Hombre,Medium,1,36.1644,Alta
728,FALSE,0.6617,15.5468,1.2779,2.5321,Hombre,Medium,1,33.9532,Alta
729,FALSE,0.6383,26.3518,0.7149,3.6701,Hombre,Medium,1,71.2846,Alta
730,FALSE,0.6776,15.1812,0.8715,2.6235,Hombre,Medium,2,53.6928,Alta
731,FALSE,0.3482,34.0252,1.0592,5.0747,Hombre,Medium,1,69.8727,Alta
732,FALSE,0.415,26.851,0.7076,4.1622,Hombre,Medium,2,77.1436,Alta
733,FALSE,0.4508,32.605,0.7594,4.839,Hombre,Medium,2,50.9948,Alta
734,FALSE,0.5143,40.1294,0.5792,5.3219,Hombre,Medium,1,66.2188,Alta
735,FALSE,0.2849,34.7843,0.9476,4.9789,Hombre,Medium,1,49.5023,Alta
736,FALSE,0.2442,33.3272,0.4955,4.8723,Hombre,Medium,3,51.6357,Alta
737,FALSE,0.1517,36.5094,0.6071,4.925,Hombre,Medium,1,49.5973,Alta
738,FALSE,0.1676,41.523,0.8781,5.3932,Hombre,Medium,1,38.8934,Alta
739,FALSE,0.0992,52.4327,0.5389,6.6812,Hombre,Medium,1,37.1647,Alta
740,FALSE,0.1676,40.6662,0.5102,5.7511,Hombre,Medium,1,40.6191,Alta
741,FALSE,0.1316,41.9142,0.4536,5.7133,Hombre,Medium,1,35.4935,Alta
742,FALSE,0.0997,41.1691,0.6719,5.175,Hombre,Medium,1,43.9064,Alta
743,FALSE,0.5088,31.9451,0.5993,4.931,Hombre,Medium,1,44.432,Alta
744,FALSE,0.7732,10.5903,1.1488,2.3634,Hombre,Medium,2,18.1469,Media
745,FALSE,0.2277,29.5862,0.6535,4.2039,Hombre,Medium,1,35.2372,Media
746,FALSE,0.1362,21.0714,0.5789,3.6271,Hombre,Medium,0,16.8933,Media
747,FALSE,0.6652,14.0043,1.367,2.7241,Hombre,Medium,1,19.981,Media
748,FALSE,0.3778,37.445,0.6358,4.8316,Hombre,Medium,1,73.896,Alta
749,FALSE,1.423,16.5,1.1648,2.7073,Hombre,Medium,1,52.612,Alta
750,FALSE,2.0844,15.277,0.9257,3.5166,Hombre,Medium,2,40.989,Alta
751,FALSE,1.9762,15.732,1.1767,3.1422,Hombre,Medium,2,60.266,Alta
752,FALSE,1.7891,15.934,1.1805,3.2828,Hombre,Medium,2,53.625,Alta
753,FALSE,2.1901,17.707,1.2217,2.996,Hombre,Medium,1,51.79,Alta
754,FALSE,1.5687,28.053,0.8949,4.5195,Hombre,Medium,1,15.53,Alta
755,FALSE,0.9432,19.659,1.0843,2.9805,Hombre,Medium,1,44.697,Media
756,FALSE,1.9331,15.232,1.2715,2.7908,Hombre,Medium,1,46.106,Media
757,FALSE,0.2866,25.94,0.6174,3.3485,Hombre,Medium,1,39.645,Media
758,FALSE,0.6165,9.0043,1.2583,2.3603,Hombre,Medium,0,15.061,Media
759,FALSE,0.6471,12.3523,1.2467,2.8884,Hombre,Medium,0,15.7474,Media
760,FALSE,1.4534,16.5267,0.961,3.4738,Hombre,Medium,3,46.334,Alta
761,FALSE,5.0356,1.3578,1.917539,0.92966,Hombre,Robust,0,16.5904,Media
762,FALSE,4.7991,2.6996,1.826527,1.44499,Hombre,Robust,0,23.811,Media
763,FALSE,5.9953,0.4828,1.9822,0.70743,Hombre,Robust,1,20.2845,Media
764,FALSE,5.0339,2.53,1.806896,1.08782,Hombre,Robust,1,16.5699,Media
765,FALSE,5.0662,2.5825,1.699227,1.32619,Hombre,Robust,1,21.2486,Media
766,FALSE,4.9742,1.559,1.902084,0.94014,Hombre,Robust,1,21.4645,Media
767,FALSE,4.3454,1.0835,1.991992,0.95277,Hombre,Robust,1,20.0793,Media
768,FALSE,4.5304,1.0545,1.933682,0.74775,Hombre,Robust,1,16.4989,Media
769,FALSE,3.9577,3.1471,1.75576,1.55507,Hombre,Robust,1,24.6395,Media
770,FALSE,3.177,3.5427,1.73427,1.46854,Hombre,Robust,1,23.2905,Media
771,FALSE,3.306,2.4669,1.809042,1.22649,Hombre,Robust,1,17.3503,Media
772,FALSE,4.1221,2.2183,1.886288,1.28809,Hombre,Robust,1,23.0389,Media
773,FALSE,3.9354,3.093,1.7807,1.53163,Hombre,Robust,1,18.9121,Media
774,FALSE,4.5246,1.4161,1.89661,1.05906,Hombre,Robust,1,20.5713,Media
775,FALSE,4.3371,1.9202,1.910644,1.07272,Hombre,Robust,1,17.2768,Media
776,FALSE,4.6768,1.0182,1.918811,0.97045,Hombre,Robust,1,20.7725,Media
777,FALSE,4.0078,2.4114,1.837198,1.22274,Hombre,Robust,1,18.0036,Media
778,FALSE,4.7804,1.3581,1.897202,0.96538,Hombre,Robust,1,18.5187,Media
779,FALSE,4.5139,1.9234,1.916716,1.03874,Hombre,Robust,1,19.2095,Media
780,FALSE,4.6594,2.247,1.818779,1.17859,Hombre,Robust,2,15.4304,Media
781,FALSE,4.8504,2.6713,1.808418,1.26406,Hombre,Robust,1,18.9794,Alta
782,FALSE,4.9858,3.7545,1.806643,1.6145,Hombre,Robust,1,28.5878,Alta
783,FALSE,5.2433,1.014,1.973574,0.80499,Hombre,Robust,1,29.0545,Alta
784,FALSE,5.288,3.7796,1.705264,1.47529,Hombre,Robust,1,21.5004,Alta
785,FALSE,5.1312,4.0042,1.737607,1.70308,Hombre,Robust,1,24.6725,Alta
786,FALSE,6.2669,1.9814,1.898352,1.20966,Hombre,Robust,2,22.0439,Alta
787,FALSE,4.9859,2.2938,1.87192,1.29963,Hombre,Robust,2,24.4848,Alta
788,FALSE,5.1521,1.7985,1.88583,0.9611,Hombre,Robust,2,18.0666,Alta
789,FALSE,4.3252,3.6628,1.78021,1.61905,Hombre,Robust,2,28.6988,Alta
790,FALSE,5.929,3.2088,1.77174,1.44732,Hombre,Robust,3,17.8358,Alta
791,FALSE,3.8976,2.8912,1.84577,1.37874,Hombre,Robust,3,17.2386,Alta
792,FALSE,3.8085,4.1986,1.68852,1.60491,Hombre,Robust,3,23.7862,Alta
793,FALSE,3.7531,3.7177,1.79185,1.61771,Hombre,Robust,3,19.2301,Alta
794,FALSE,4.5412,2.0367,1.827505,1.11218,Hombre,Robust,1,23.5934,Alta
795,FALSE,3.9551,3.9935,1.74973,1.5048,Hombre,Robust,3,16.454,Alta
796,FALSE,4.4605,1.7774,1.877563,1.07073,Hombre,Robust,3,22.1254,Alta
797,FALSE,4.6041,3.3791,1.729453,1.3715,Hombre,Robust,3,20.0797,Alta
798,FALSE,5.0817,2.1539,1.90844,1.24482,Hombre,Robust,3,23.0009,Alta
799,FALSE,4.3457,2.7656,1.850299,1.24045,Hombre,Robust,3,21.2926,Alta
800,FALSE,4.7516,1.299,1.899736,1.04887,Hombre,Robust,3,16.8957,Alta
801,FALSE,1.2313,3.1492,1.5984,0.8243,Hombre,Robust,0,15.9889,Alta
802,FALSE,4.6793,3.494,1.735081,1.03985,Hombre,Robust,1,22.1057,Alta
803,FALSE,3.4796,6.6118,1.45459,1.69404,Hombre,Robust,1,23.2804,Alta
804,FALSE,4.2179,3.7863,1.713311,1.25137,Hombre,Robust,1,31.7237,Alta
805,FALSE,3.132,7.3563,1.514378,1.75012,Hombre,Robust,1,16.6956,Alta
806,FALSE,7.1406,0.5665,1.990851,1.00851,Hombre,Robust,1,28.1295,Alta
807,FALSE,6.0934,1.8583,1.843951,1.27094,Hombre,Robust,1,32.5214,Alta
808,FALSE,5.5017,2.9332,1.823516,1.49914,Hombre,Robust,1,20.4386,Alta
809,FALSE,4.2321,6.1642,1.548159,1.68542,Hombre,Robust,1,25.0122,Alta
810,FALSE,4.2355,4.4849,1.636695,1.21982,Hombre,Robust,1,16.4675,Alta
811,FALSE,3.0487,4.3531,1.684259,1.43245,Hombre,Robust,1,20.9521,Alta
812,FALSE,3.8382,4.8295,1.625141,1.47065,Hombre,Robust,1,25.7342,Alta
813,FALSE,4.6714,1.0138,2.002426,0.94018,Hombre,Robust,1,17.3535,Alta
814,FALSE,5.5829,3.3479,1.721906,1.65343,Hombre,Robust,1,26.0965,Alta
815,FALSE,5.4218,0.714,2.012148,0.873,Hombre,Robust,1,43.69,Alta
816,FALSE,5.811,3.9753,1.741731,1.72812,Hombre,Robust,1,31.9483,Alta
817,FALSE,1.3234,11.84,1.328683,2.71337,Hombre,Robust,1,20.0914,Alta
818,FALSE,4.034,4.169,1.663565,1.25416,Hombre,Robust,1,21.1683,Alta
819,FALSE,3.9063,2.9823,1.687624,0.95775,Hombre,Robust,1,32.585,Alta
820,FALSE,2.9355,3.5341,1.701982,1.08225,Hombre,Robust,1,25.257,Alta
821,FALSE,3.6212,6.5707,1.546415,2.01323,Hombre,Robust,1,36.5986,Alta
822,FALSE,6.249,0.7525,1.94306,0.89739,Hombre,Robust,1,25.6249,Media
823,FALSE,5.2588,1.9014,1.821643,1.26205,Hombre,Robust,1,22.9161,Media
824,FALSE,5.0427,1.5207,1.88795,1.09822,Hombre,Robust,1,20.3326,Media
825,FALSE,1.6018,5.3546,1.401337,0.78188,Hombre,Robust,1,17.8102,Media
826,FALSE,4.3108,1.2305,1.888136,0.51288,Hombre,Robust,6,24.5688,Media
827,FALSE,3.8847,2.0481,1.799634,0.79027,Hombre,Robust,6,22.415,Media
828,FALSE,4.2177,1.968,1.844476,0.98422,Hombre,Robust,6,20.4001,Media
829,FALSE,3.8654,0.6943,1.932648,0.54718,Hombre,Robust,6,22.6809,Media
830,FALSE,5.6177,-0.394,2.112098,0.56394,Hombre,Robust,6,19.082,Media
831,FALSE,5.2534,0.1521,1.991348,0.7625,Hombre,Robust,6,19.9156,Media
832,FALSE,5.0606,-0.158,2.104232,0.72628,Hombre,Robust,6,18.6883,Media
833,FALSE,3.5006,1.6039,1.839881,0.60223,Hombre,Robust,6,19.0414,Media
834,FALSE,4.1259,1.1788,1.879601,0.42977,Hombre,Robust,6,16.9324,Media
835,FALSE,4.0021,1.1765,1.909259,0.56632,Hombre,Robust,6,22.7508,Media
836,FALSE,3.4718,2.2581,1.7943,0.89396,Hombre,Robust,6,19.8537,Media
837,FALSE,3.0609,5.2402,1.662895,1.91325,Hombre,Robust,6,19.8955,Media
838,FALSE,4.8473,0.6479,1.944155,1.05925,Hombre,Robust,6,17.3385,Media
839,FALSE,4.8704,0.026,2.053064,0.89096,Hombre,Robust,6,15.7817,Media
840,FALSE,4.8122,0.8141,1.920936,1.13189,Hombre,Robust,6,20.3866,Media
841,FALSE,3.3556,1.7581,1.88392,1.21281,Hombre,Robust,6,22.2324,Media
842,FALSE,2.789,19.937,1.151,3.5823,Hombre,Robust,1,23.2498,Alta
843,FALSE,2.3579,4.8781,1.6771,1.4614,Hombre,Robust,2,17.9187,Alta
844,FALSE,3.0321,5.8198,1.373,2.3055,Hombre,Robust,3,56.6631,Alta
845,FALSE,2.1869,8.9925,1.4157,2.716,Hombre,Robust,1,29.415379,Alta
846,FALSE,8.1361,2.8224,1.7491,1.5659,Hombre,Robust,6,69.1948,Alta
847,FALSE,11.834,0.5208,1.9796,0.9872,Hombre,Robust,10,16.9699,Alta
848,FALSE,12.983,0.1521,2.0537,0.9197,Hombre,Robust,7,45.0178,Alta
849,FALSE,6.484,2.4012,1.7711,1.3223,Hombre,Robust,6,17.5011,Alta
850,FALSE,11.439,-0.297,2.1204,0.6309,Hombre,Robust,6,23.8144,Alta
851,FALSE,10.21,0.7497,1.9308,1.2066,Hombre,Robust,9,18.3035,Alta
852,FALSE,12.446,0.6183,2.0055,1.1886,Hombre,Robust,10,16.2907,Alta
853,FALSE,7.5575,1.8916,1.8406,1.2348,Hombre,Robust,5,19.0875,Alta
854,FALSE,12.07,0.4223,2.0049,1.023,Hombre,Robust,10,56.84,Alta
855,FALSE,3.5437,10.416,1.438,2.8164,Hombre,Robust,3,63.9756,Alta
856,FALSE,11.035,2.0084,1.9012,1.3344,Hombre,Robust,5,18.2966,Alta
857,FALSE,7.2344,4.1588,1.6808,1.4249,Hombre,Robust,1,61.9448,Alta
858,FALSE,7.6733,2.9473,1.7968,1.3415,Hombre,Robust,7,26.2082,Alta
859,FALSE,9.3631,4.6524,1.4674,2.0634,Hombre,Robust,5,58.1297,Alta
860,FALSE,12.007,0.2626,1.9478,1.0552,Hombre,Robust,10,43.9996,Alta
861,FALSE,7.7781,2.2091,1.8122,1.4752,Hombre,Robust,8,48.7825,Alta
862,FALSE,10.515,1.2569,1.8842,1.2995,Hombre,Robust,7,21.6953,Alta
863,FALSE,6.6864,4.1461,1.6642,1.9048,Hombre,Robust,5,19.924,Alta
864,FALSE,10.742,0.9956,1.9057,1.2667,Hombre,Robust,5,45.0755,Alta
865,FALSE,7.644,2.0219,1.903,1.3954,Hombre,Robust,5,52.615,Alta
866,FALSE,10.165,-0.29,2.0177,0.5084,Hombre,Robust,7,40.2947,Media
867,FALSE,5.6363,1.2671,1.9461,1.0366,Hombre,Robust,3,15.0993,Media
868,FALSE,10.44,-0.624,2.1306,0.7136,Hombre,Robust,8,15.0709,Media
869,FALSE,11.739,-0.66,2.1391,0.6998,Hombre,Robust,7,18.8824,Media
870,FALSE,5.3699,2.8386,1.7968,1.5525,Hombre,Robust,5,25.4095,Media
871,FALSE,10.079,-0.445,2.0998,0.616,Hombre,Robust,7,37.08,Media
872,FALSE,1.7234,5.4974,1.3841,1.7673,Hombre,Robust,2,25.5569,Media
873,FALSE,11.185,-0.91,2.1993,0.3989,Hombre,Robust,6,16.4881,Media
874,FALSE,7.2489,1.3274,1.9105,1.1533,Hombre,Robust,5,15.7001,Media
875,FALSE,0.3188,16.355,0.7785,2.1294,Hombre,Robust,0,27.047,Media
876,FALSE,10.789,-0.79,2.1928,0.577,Hombre,Robust,9,17.9417,Media
877,FALSE,10.964,-0.741,2.154,0.6751,Hombre,Robust,9,15.5052,Media
878,FALSE,7.9845,0.3968,2.0167,0.8591,Hombre,Robust,5,16.8643,Media
879,FALSE,9.5216,0.0145,2.096,0.7948,Hombre,Robust,5,18.7583,Media
880,FALSE,9.3817,-0.661,2.1803,0.5331,Hombre,Robust,8,15.1527,Media
881,FALSE,5.4296,0.2993,1.9513,0.3821,Hombre,Robust,0,22.1928,Media
882,FALSE,10.714,-0.2,2.1096,0.6271,Hombre,Robust,5,34.0338,Media
883,FALSE,6.1738,2.1138,1.8241,1.5538,Hombre,Robust,4,30.6903,Media
884,FALSE,9.6445,-0.392,2.1354,0.5874,Hombre,Robust,5,17.1846,Media
885,FALSE,11.515,-0.908,2.1284,0.537,Hombre,Robust,5,26.3679,Media
886,FALSE,1.809,7.6003,1.2954,1.7515,Hombre,Robust,1,21.7679,Alta
887,FALSE,2.0377,6.7401,1.5113,1.6712,Hombre,Robust,1,28.321,Alta
888,FALSE,1.6807,12.661,1.3024,3.1548,Hombre,Robust,1,26.1815,Alta
889,FALSE,1.1417,15.09,1.0963,2.8757,Hombre,Robust,1,17.5075,Alta
890,TRUE,0.494,11.863,0.9863,2.0729,Hombre,Robust,2,26.5622,Media
891,TRUE,1.3058,10.981,1.1033,2.6611,Hombre,Robust,3,30.4587,Media
892,TRUE,1.1257,7.4386,1.2778,2.0937,Hombre,Robust,3,32.6584,Media
893,TRUE,0.5796,25.284,0.8868,3.9063,Hombre,Robust,1,31.4355,Media
894,TRUE,0.7586,13.449,0.8627,-0.585,Hombre,Robust,1,24.6968,Media
895,TRUE,0.4569,11.465,0.8814,1.7108,Hombre,Robust,1,29.2999,Media
896,TRUE,1.2926,16.382,1.2966,3.3411,Hombre,Robust,2,19.8442,Media
897,TRUE,0.2678,5.6353,1.1625,0.5313,Hombre,Robust,1,21.708,Media
898,TRUE,1.8264,6.8605,1.3572,2.1784,Hombre,Robust,3,22.8686,Media
899,TRUE,0.6159,26.431,0.7337,4.1318,Hombre,Robust,1,21.2118,Media
900,TRUE,1.0571,12.227,1.0191,2.1615,Hombre,Robust,2,31.5033,Media
901,TRUE,0.8211,19.733,1.1288,3.5044,Hombre,Robust,1,32.0695,Media
902,TRUE,0.8208,18.081,1.1534,3.6583,Hombre,Robust,2,31.643,Media
903,TRUE,0.8162,13.719,0.9802,2.8138,Hombre,Robust,2,29.1285,Media
904,TRUE,0.9962,12.688,1.0961,2.8862,Hombre,Robust,2,32.3656,Media
905,TRUE,1.215,22.424,0.98,4.1213,Hombre,Robust,1,33.5299,Media
906,TRUE,1.5262,7.0439,1.4324,1.9863,Hombre,Robust,3,32.5881,Media
907,TRUE,1.1181,3.8946,1.1591,0.2579,Hombre,Robust,2,17.8487,Media
908,TRUE,1.1953,9.3472,1.2031,2.192,Hombre,Robust,2,22.7754,Media
909,TRUE,2.2205,7.0034,1.3221,1.9959,Hombre,Robust,4,36.5161,Media
910,TRUE,2.0043,14.924,1.3031,3.1999,Hombre,Robust,3,84.8562,Alta
911,TRUE,1.4666,13.425,1.1171,2.927,Hombre,Robust,3,25.1432,Alta
912,TRUE,1.1792,7.123,1.0837,1.4628,Hombre,Robust,2,36.4254,Alta
913,TRUE,2.3091,5.7435,1.4422,1.7643,Hombre,Robust,4,42.3977,Alta
914,TRUE,1.4258,11.894,1.0941,2.9776,Hombre,Robust,2,16.5307,Alta
915,TRUE,1.1996,9.6965,1.1739,1.3653,Hombre,Robust,1,38.4697,Alta
916,TRUE,1.1826,10.307,1.1588,1.5434,Hombre,Robust,2,20.4987,Alta
917,TRUE,2.1627,6.4546,1.5422,1.7753,Hombre,Robust,2,48.7156,Alta
918,TRUE,3.1699,17.021,1.3425,3.1592,Hombre,Robust,3,20.82,Alta
919,TRUE,1.7978,20.774,1.0685,3.5874,Hombre,Robust,2,26.3852,Alta
920,TRUE,0.6222,7.0048,1.2873,1.5433,Hombre,Robust,1,30.0484,Alta
921,TRUE,1.1832,30.092,0.8823,4.6629,Hombre,Robust,2,21.1684,Alta
922,TRUE,1.6147,18.739,1.0306,3.2986,Hombre,Robust,2,15.511,Alta
923,TRUE,1.1621,31.78,0.7683,4.7342,Hombre,Robust,1,71.4929,Alta
924,TRUE,0.887,20.979,1.1058,3.4432,Hombre,Robust,2,56.7847,Alta
925,TRUE,0.9498,21.856,1.0657,3.7947,Hombre,Robust,2,78.2184,Alta
926,TRUE,1.3411,17.251,1.0108,3.1962,Hombre,Robust,1,48.5989,Alta
927,TRUE,1.174,37.749,0.6809,5.357,Hombre,Robust,1,62.7512,Alta
928,TRUE,1.9327,10.821,1.14,2.5614,Hombre,Robust,2,40.7855,Alta
929,TRUE,1.0238,14.223,1.0534,3.0622,Hombre,Robust,2,22.6206,Alta
930,TRUE,0.7854,20.218,0.8109,4.111,Hombre,Robust,1,74.4916,Alta
931,TRUE,3.9633,9.373,1.417,1.9096,Hombre,Robust,0,50.09,Alta
932,TRUE,1.0828,11.147,1.0425,2.1216,Hombre,Robust,1,61.3948,Alta
933,TRUE,2.0198,13.108,1.2317,2.6235,Hombre,Robust,2,60.9249,Alta
934,TRUE,2.401,7.6447,1.3578,1.766,Hombre,Robust,2,20.5249,Alta
935,TRUE,1.7226,7.1212,1.2516,1.9158,Hombre,Robust,1,30.2488,Media
936,TRUE,0.3703,18.592,1.1181,3.9945,Hombre,Robust,1,39.7248,Media
937,TRUE,3.1723,2.2691,1.6748,0.5994,Hombre,Robust,0,33.0134,Media
938,TRUE,0.9913,4.6948,1.2086,1.1539,Hombre,Robust,1,27.1626,Media
939,TRUE,1.3269,2.2122,1.4998,0.9569,Hombre,Robust,3,15.672,Media
940,TRUE,0.71225,16.3924,1.0263,3.2291,Hombre,Robust,1,56.8716,Alta
941,TRUE,1.82814,4.44622,1.4784,0.7226,Hombre,Robust,3,31.9246,Alta
942,TRUE,1.03389,16.9859,1.0378,2.5584,Hombre,Robust,0,58.505,Alta
943,TRUE,0.53361,7.28261,1.4302,1.7409,Hombre,Robust,1,27.7455,Media
944,TRUE,1.66166,3.36445,1.3913,-0.04,Hombre,Robust,1,29.2722,Media
945,TRUE,0.91245,11.5613,1.1937,2.1099,Hombre,Robust,0,41.0618,Media
946,TRUE,3.7891,8.5654,1.5137,2.1499,Hombre,Robust,3,15.33857,Alta
947,TRUE,0.3796,12.9012,1.0996,2.9234,Hombre,Robust,1,34.1143,Media
948,TRUE,1.59,3.49554,1.3837,0.6075,Hombre,Robust,2,27.3617,Media
949,TRUE,0.2444,10.2081,1.0503,1.7677,Hombre,Robust,0,25.8331,Media
950,TRUE,1.8973,9.78546,1.2658,2.5432,Hombre,Robust,1,17.7903,Media
951,TRUE,1.4384,8.95539,1.2959,2.1385,Hombre,Robust,1,34.5841,Media
952,TRUE,2.2804,7.39477,1.4523,1.6032,Hombre,Robust,1,18.28,Media
953,TRUE,2.2784,6.96582,1.3406,1.7786,Hombre,Robust,1,34.6335,Media
954,TRUE,1.3296,5.16606,1.3482,0.9127,Hombre,Robust,1,27.5013,Media
955,TRUE,2.341,3.18056,1.6158,1.2121,Hombre,Robust,2,18.0001,Media
956,TRUE,1.6354,4.94994,1.4428,1.3773,Hombre,Robust,2,18.758,Media
957,TRUE,0.565,21.2299,1.0699,3.6003,Hombre,Robust,0,34.6803,Media
958,TRUE,1.0588,8.72906,1.4267,2.044,Hombre,Robust,2,41.3779,Alta
959,TRUE,2.2123,11.9703,1.1082,2.8362,Hombre,Robust,1,46.2661,Alta
960,TRUE,1.1692,9.12424,1.1673,1.2722,Hombre,Robust,1,60.5601,Alta
961,TRUE,0.6383,26.6449,0.796,4.3949,Hombre,Robust,0,71.0047,Alta
962,TRUE,2.0802,18.2228,1.1919,3.3497,Hombre,Robust,2,45.1372,Alta
963,TRUE,2.6094,6.28053,1.6018,1.8516,Hombre,Robust,3,16.0427,Alta
964,TRUE,2.1614,9.82196,1.2198,2.5831,Hombre,Robust,2,32.1722,Alta
965,TRUE,1.1788,19.394,0.9879,3.5298,Hombre,Robust,2,28.1203,Alta
966,TRUE,3.0077,4.70008,1.6814,1.6999,Hombre,Robust,2,57.0324,Alta
967,TRUE,1.8831,8.55431,1.1049,2.188,Hombre,Robust,2,55.6313,Alta
968,TRUE,2.2885,15.4234,1.1384,2.8611,Hombre,Robust,2,54.6995,Alta
969,TRUE,2.0522,5.75205,1.5625,1.763,Hombre,Robust,1,21.2491,Media
970,TRUE,1.8763,12.3312,1.1772,2.8325,Hombre,Robust,1,41.6166,Alta
971,TRUE,1.3262,9.86642,0.968,1.4702,Hombre,Robust,0,39.1076,Alta
972,TRUE,1.4927,8.74666,1.1573,2.0167,Hombre,Robust,1,19.5157,Media
973,TRUE,1.6405,17.8901,1.2074,3.4568,Hombre,Robust,1,18.5298,Alta
974,TRUE,0.5867,15.5341,1.0755,3.0825,Hombre,Robust,0,21.9614,Media
975,TRUE,0.8293,9.5336,1.165,1.97,Hombre,Robust,2,22.6929,Alta
976,TRUE,1.4263,8.3648,1.3185,2.4374,Hombre,Robust,2,30.3904,Media
977,TRUE,1.6085,5.28495,1.4316,1.698,Hombre,Robust,3,29.9606,Media
978,TRUE,0.8172,10.5573,1.0354,2.1516,Hombre,Robust,2,19.539,Media
979,TRUE,2.323,4.6209,1.4986,1.557,Hombre,Robust,3,17.9966,Media
980,TRUE,0.5788,5.37855,1.2201,1.2118,Hombre,Robust,2,25.5796,Media
981,TRUE,2.5618,8.15895,1.4132,2.3018,Hombre,Robust,3,17.561,Media
982,TRUE,0.441,10.4902,1.0491,1.8219,Hombre,Robust,1,31.9287,Media
983,TRUE,0.8913,9.7924,1.1681,2.3234,Hombre,Robust,1,35.4444,Media
984,TRUE,1.5755,5.229,1.5828,1.2219,Hombre,Robust,2,24.6846,Media
985,TRUE,1.1503,5.35755,1.2876,0.9944,Hombre,Robust,2,26.6255,Media
986,TRUE,0.7309,4.00092,1.3519,0.5025,Hombre,Robust,1,23.2174,Media
987,TRUE,1.341,4.41321,1.4888,0.8489,Hombre,Robust,3,27.6545,Media
988,TRUE,2.8455,6.40188,1.5597,1.9125,Hombre,Robust,5,36.0183,Media
989,TRUE,1.3275,10.1878,1.4219,2.4095,Hombre,Robust,3,55.2202,Media
990,TRUE,0.8943,12.5701,1.3746,3.0522,Hombre,Robust,1,20.8568,Media
991,TRUE,1.6078,15.4626,0.9078,3.4254,Hombre,Robust,2,60.2574,Media
992,TRUE,2.1161,8.00553,1.2739,1.6677,Hombre,Robust,2,48.2803,Media
993,TRUE,1.2031,17.0766,0.9777,3.5643,Hombre,Robust,2,41.8427,Media
994,TRUE,1.2154,14.4382,1.1287,2.8656,Hombre,Robust,2,62.6724,Media
995,TRUE,0.4451,25.3129,0.8114,3.2369,Hombre,Robust,1,57.4906,Media
996,TRUE,1.1788,10.9139,1.256,2.3104,Hombre,Robust,2,20.9532,Media
997,TRUE,1.3545,21.4438,0.9894,3.6827,Hombre,Robust,2,18.6612,Media
998,TRUE,1.442,6.00284,1.4348,1.3322,Hombre,Robust,3,54.8654,Alta
999,TRUE,1.9491,7.04703,1.4067,1.801,Hombre,Robust,3,16.9232,Alta
1000,TRUE,0.064,61.4596,0.1556,7.5842,Hombre,Robust,1,41.3205,Alta
1001,TRUE,1.3682,22.1924,1.0056,3.6985,Hombre,Robust,1,16.8894,Media
1002,FALSE,13.308,-1.012,2.124,0.5202,Hombre,Robust,11,21.6161,Alta
1003,FALSE,11.798,-0.864,2.1313,0.4338,Hombre,Robust,4,28.3992,Alta
1004,FALSE,12.745,-0.694,2.147,0.5095,Hombre,Robust,8,20.4781,Alta
1005,FALSE,13.148,-0.728,2.0785,0.5824,Hombre,Robust,9,20.9299,Alta
1006,FALSE,12.408,-1.171,2.1583,0.4691,Hombre,Robust,4,21.5349,Alta
1007,FALSE,11.217,-0.612,2.1805,0.575,Hombre,Robust,7,21.271,Alta
1008,FALSE,13.51,-0.63,2.1033,0.6768,Hombre,Robust,8,23.4387,Alta
1009,FALSE,9.866,-0.505,2.0968,0.6078,Hombre,Robust,5,24.81,Alta
1010,FALSE,11.54,-0.854,2.1166,0.3779,Hombre,Robust,5,20.464,Alta
1011,FALSE,10.178,-0.497,2.1233,0.6391,Hombre,Robust,4,17.3046,Alta
1012,FALSE,11.162,-0.939,2.1442,0.4866,Hombre,Robust,7,24.7758,Alta
1013,FALSE,13.038,-0.846,2.1452,0.621,Hombre,Robust,11,21.1461,Alta
1014,FALSE,10.794,-0.693,2.1473,0.4149,Hombre,Robust,6,17.0796,Alta
1015,FALSE,12.674,-0.595,2.1288,0.5993,Hombre,Robust,8,18.681,Alta
1016,FALSE,11.914,-0.65,2.1332,0.6666,Hombre,Robust,7,22.2265,Alta
1017,FALSE,13.882,-0.786,2.0682,0.591,Hombre,Robust,9,31.3573,Alta
1018,FALSE,10.994,-0.464,2.0865,0.6466,Hombre,Robust,6,16.5394,Alta
1019,FALSE,12.398,-1.005,2.1178,0.5099,Hombre,Robust,6,26.2229,Alta
1020,FALSE,12.408,-1.171,2.1583,0.4691,Hombre,Robust,4,21.5349,Alta
1021,FALSE,11.217,-0.612,2.1805,0.575,Hombre,Robust,7,21.271,Alta
1022,FALSE,13.281,-1.175,2.24,0.2723,Hombre,Robust,8,28.3478,Media
1023,FALSE,12.018,-0.978,2.1949,0.4036,Hombre,Robust,7,17.5618,Media
1024,FALSE,13.056,-1.129,2.1548,0.475,Hombre,Robust,9,15.8246,Media
1025,FALSE,11.981,-1.103,2.1498,0.4929,Hombre,Robust,6,20.4319,Media
1026,FALSE,11.233,-0.695,2.1361,0.489,Hombre,Robust,7,21.3499,Media
1027,FALSE,9.2272,-0.518,2.0616,0.4668,Hombre,Robust,4,15.6207,Media
1028,FALSE,12.382,-1.081,2.1741,0.4612,Hombre,Robust,12,18.893,Media
1029,FALSE,11.225,-0.964,2.1643,0.254,Hombre,Robust,4,17.9998,Media
1030,FALSE,11.844,-0.923,2.1731,0.4736,Hombre,Robust,7,16.7989,Media
1031,FALSE,11.198,-0.968,2.1273,0.5648,Hombre,Robust,9,18.9848,Media
1032,FALSE,13.221,-1.082,2.119,0.4593,Hombre,Robust,5,23.5305,Media
1033,FALSE,11.768,-0.954,2.156,0.3959,Hombre,Robust,4,26.8949,Media
1034,FALSE,10.904,-0.941,2.1938,0.3228,Hombre,Robust,4,17.5436,Media
1035,FALSE,11.064,-1.159,2.1193,0.4263,Hombre,Robust,4,19.2741,Media
1036,FALSE,12.614,-1.003,2.1346,0.5292,Hombre,Robust,10,24.269,Media
1037,FALSE,9.4204,-0.921,2.1723,0.2565,Hombre,Robust,2,16.1633,Media
1038,FALSE,14.441,-1.15,2.2012,0.3859,Hombre,Robust,8,25.7875,Media
1039,FALSE,13.751,-1.107,2.1041,0.4629,Hombre,Robust,8,23.0957,Media
1040,FALSE,11.515,-1.033,2.1762,0.4284,Hombre,Robust,5,19.4856,Media
1041,FALSE,10.393,-1.091,2.2117,0.1997,Hombre,Robust,3,17.6746,Media
1042,FALSE,0.1089,40.9684,0.5351,5.2682,Hombre,Robust,1,34.3211,Alta
1043,FALSE,0.172,21.7041,0.7314,1.6106,Hombre,Robust,1,25.0596,Alta
1044,FALSE,0.3343,34.7982,0.6614,4.4199,Hombre,Robust,1,39.3217,Alta
1045,FALSE,0.1311,46.7398,0.4674,5.8818,Hombre,Robust,1,36.8094,Alta
1046,FALSE,0.5917,30.9773,1.0051,3.9025,Hombre,Robust,1,43.7305,Alta
1047,FALSE,0.3136,40.3479,0.438,4.947,Hombre,Robust,1,62.2055,Alta
1048,FALSE,0.3257,43.4802,0.5138,5.3488,Hombre,Robust,1,60.0077,Alta
1049,FALSE,0.1532,24.691,0.5216,2.7083,Hombre,Robust,1,41.5012,Alta
1050,FALSE,0.2977,33.4614,0.4957,4.1769,Hombre,Robust,1,53.16,Alta
1051,FALSE,0.2716,47.3327,0.6048,5.9159,Hombre,Robust,1,55.1108,Alta
1052,FALSE,0.1404,37.7422,0.6917,4.4312,Hombre,Robust,1,37.6889,Alta
1053,FALSE,0.2336,33.14,0.5092,3.4917,Hombre,Robust,1,42.3961,Alta
1054,FALSE,0.262,33.2028,0.4514,3.6556,Hombre,Robust,1,38.0343,Alta
1055,FALSE,0.2859,33.0207,0.9163,4.0913,Hombre,Robust,1,60.4909,Alta
1056,FALSE,0.2374,36.4145,0.8184,4.3742,Hombre,Robust,1,56.5774,Alta
1057,FALSE,0.224,44.5029,0.6542,5.6728,Hombre,Robust,1,38.8765,Alta
1058,FALSE,0.2229,20.8336,0.5855,-0.181,Hombre,Robust,1,22.9805,Alta
1059,FALSE,0.2539,24.7792,0.7036,2.5619,Hombre,Robust,1,35.8257,Alta
1060,FALSE,0.2123,27.5065,0.4533,2.2334,Hombre,Robust,1,40.6464,Alta
1061,FALSE,0.9357,13.1587,1.0427,3.4121,Hombre,Robust,2,19.9759,Media
1062,FALSE,0.1873,36.5835,0.6388,5.5074,Hombre,Robust,1,22.7395,Media
1063,FALSE,0.1885,31.6424,0.5841,5.0287,Hombre,Robust,1,30.6581,Media
1064,FALSE,0.7157,13.624,0.9928,3.4196,Hombre,Robust,2,24.7677,Media
1065,FALSE,0.7439,13.106,1.1469,2.6424,Hombre,Robust,2,25.9755,Media
1066,FALSE,1.9676,6.80013,1.5522,2.262,Hombre,Robust,2,18.6255,Media
1067,FALSE,0.8508,22.3231,1.0296,4.1926,Hombre,Robust,1,27.9137,Media
1068,FALSE,0.701,13.6191,1.0467,2.8278,Hombre,Robust,1,23.4716,Media
1069,FALSE,0.358,28.1481,0.9917,3.696,Hombre,Robust,1,21.1359,Media
1070,FALSE,0.9611,8.92379,1.2656,1.2643,Hombre,Robust,1,25.8953,Media
1071,FALSE,1.1356,17.6179,1.1869,3.6112,Hombre,Robust,2,22.2909,Media
1072,FALSE,0.7925,10.2108,1.1281,2.0669,Hombre,Robust,2,24.5382,Media
1073,FALSE,2.0853,3.99025,1.6458,1.3506,Hombre,Robust,1,19.1428,Media
1074,FALSE,1.4421,6.17505,1.5384,1.8612,Hombre,Robust,2,26.5855,Media
1075,FALSE,1.4102,6.53527,1.429,1.6083,Hombre,Robust,2,22.3157,Media
1076,FALSE,1.4938,7.38868,1.382,1.5966,Hombre,Robust,2,25.394,Media
1077,FALSE,1.2633,8.17749,1.4971,1.9752,Hombre,Robust,2,19.4357,Media
1078,FALSE,1.4457,5.86561,1.4322,1.5878,Hombre,Robust,2,24.698,Media
1079,FALSE,1.1393,3.598,1.5966,1.0278,Hombre,Robust,0,15.8488,Media
1080,FALSE,0.5894,7.41123,1.3922,1.4015,Hombre,Robust,0,16.2718,Media
1081,FALSE,0.5182,7.94173,1.3517,1.828,Hombre,Robust,0,16.8124,Media
1082,FALSE,2.0427,5.50316,1.6032,1.8905,Hombre,Robust,1,15.0321,Media
1083,FALSE,1.3045,4.88452,1.5292,1.2889,Hombre,Robust,0,15.7863,Media
1084,FALSE,1.2178,7.69453,1.372,2.1939,Hombre,Robust,1,15.7229,Media
1085,FALSE,2.5803,2.8048,1.7819,1.3826,Hombre,Robust,0,15.3058,Media
1086,FALSE,1.5853,6.63049,1.4987,1.7066,Hombre,Robust,1,17.8301,Media
1087,FALSE,2.295,2.59947,1.7909,1.2951,Hombre,Robust,1,15.7437,Media
1088,FALSE,2.4745,5.45784,1.7042,1.598,Hombre,Robust,1,20.6466,Media
1089,FALSE,1.6387,5.31648,1.4832,1.1789,Hombre,Robust,0,16.2908,Media
1090,FALSE,1.9189,2.98254,1.6705,0.964,Hombre,Robust,0,15.5351,Media
1091,FALSE,2.6813,3.90615,1.6226,1.577,Hombre,Robust,1,24.0688,Media
1092,FALSE,1.0169,4.56455,1.4093,1.2399,Hombre,Robust,1,19.2356,Media
1093,FALSE,2.2972,5.05297,1.6198,1.8516,Hombre,Robust,1,19.6079,Media
1094,FALSE,1.4963,5.6967,1.5145,1.8151,Hombre,Robust,1,22.4943,Media
1095,FALSE,1.3407,8.34317,1.4162,2.0336,Hombre,Robust,2,21.1556,Media
1096,FALSE,1.1781,6.75303,1.4421,1.8827,Hombre,Robust,1,26.053,Media
1097,FALSE,2.6626,1.86529,1.8502,1.1063,Hombre,Robust,0,15.4654,Media
1098,FALSE,0.371,12.9196,1.1794,2.7895,Hombre,Robust,0,16.9527,Media
1099,FALSE,1.6787,6.45074,1.4418,1.9014,Hombre,Robust,2,17.4039,Media
1100,FALSE,1.6816,6.59228,1.5664,1.8997,Hombre,Robust,1,17.2651,Media
1101,FALSE,1.2984,3.946,1.5439,1.3874,Hombre,Robust,1,19.086,Media
1102,FALSE,1.493,3.90502,1.5571,1.4443,Hombre,Robust,1,20.6788,Media
1103,FALSE,2.2074,6.48863,1.4984,1.9096,Hombre,Robust,3,18.5659,Alta
1104,FALSE,0.7472,29.0945,1.0487,4.5694,Hombre,Robust,1,44.2286,Alta
1105,FALSE,0.9981,25.9853,1.0541,4.1571,Hombre,Robust,1,50.5289,Alta
1106,FALSE,0.6216,36.5186,0.5635,5.2795,Hombre,Robust,1,61.8982,Alta
1107,FALSE,1.7905,19.4878,1.1987,3.551,Hombre,Robust,2,52.2545,Alta
1108,FALSE,1.7456,15.6295,1.3011,2.996,Hombre,Robust,1,41.6567,Alta
1109,FALSE,0.4532,47.8049,0.6992,6.048,Hombre,Robust,1,33.3337,Alta
1110,FALSE,1.2186,10.7069,1.3383,2.7151,Hombre,Robust,2,38.4997,Alta
1111,FALSE,1.8443,8.68981,1.4818,2.2196,Hombre,Robust,1,38.4283,Alta
1112,FALSE,1.9632,5.14262,1.5859,1.8466,Hombre,Robust,2,35.3376,Alta
1113,FALSE,2.0539,5.3978,1.5055,1.7018,Hombre,Robust,2,36.6868,Alta
1114,FALSE,2.0348,15.6993,1.24,3.2866,Hombre,Robust,2,52.4143,Alta
1115,FALSE,2.6957,9.88574,1.4121,2.6307,Hombre,Robust,2,45.9207,Alta
1116,FALSE,2.137,13.1577,1.3227,2.7595,Hombre,Robust,2,52.155,Alta
1117,FALSE,2.5048,10.8184,1.3371,2.5649,Hombre,Robust,2,52.1062,Alta
1118,FALSE,1.9966,12.8357,1.2838,2.8846,Hombre,Robust,2,45.6471,Alta
1119,FALSE,1.6115,17.907,1.114,3.5489,Hombre,Robust,2,63.2992,Alta
1120,FALSE,2.5213,3.77551,1.7034,1.7496,Hombre,Robust,3,23.5802,Alta
1121,FALSE,1.6532,16.9493,1.1378,3.1697,Hombre,Robust,2,15.2199,Alta
1122,FALSE,2.4984,13.569,1.2996,2.982,Hombre,Robust,2,56.5981,Alta
1123,FALSE,1.8042,8.2991,1.4431,2.0324,Hombre,Robust,1,16.2797,Alta
1124,FALSE,2.0891,8.5493,1.4227,2.037,Hombre,Robust,1,25.6272,Alta
1125,FALSE,2.2206,16.908,1.2504,3.3745,Hombre,Robust,2,23.8225,Alta
1126,FALSE,2.031,16.112,1.2572,3.1962,Hombre,Robust,2,24.0901,Alta
1127,FALSE,1.0427,12.392,1.2448,2.5656,Hombre,Robust,2,20.3723,Media
1128,FALSE,0.9735,8.9237,1.4121,1.8956,Hombre,Robust,1,20.5628,Media
1129,FALSE,2.5404,17.8439,1.2279,3.1394,Hombre,Robust,2,17.0837,Alta
1130,FALSE,2.7862,7.86807,1.5414,2.3565,Hombre,Robust,3,37.6989,Alta
1131,FALSE,3.7275,9.70522,1.3673,2.6951,Hombre,Robust,3,24.9639,Alta
1132,FALSE,3.3151,9.7045,1.4265,2.56,Hombre,Robust,3,24.8501,Alta
1133,FALSE,3.6904,8.50393,1.468,2.3107,Hombre,Robust,2,15.7064,Alta
1134,FALSE,1.409,9.40661,1.2831,2.0112,Hombre,Robust,1,16.1793,Alta
1135,FALSE,1.1748,11.4849,1.2455,2.5879,Hombre,Robust,2,15.0426,Alta
1136,FALSE,0.2259,10.115,1.0536,1.4042,Hombre,Robust,1,32.8756,Alta
1137,FALSE,0.8365,3.3519,1.4113,0.9414,Hombre,Robust,2,20.5654,Alta
1138,FALSE,0.946,6.0933,1.4257,1.3925,Hombre,Robust,2,30.0841,Alta
1139,FALSE,1.6974,2.5069,1.5326,0.6932,Hombre,Robust,2,17.3572,Alta
1140,FALSE,0.6133,12.485,0.9839,2.1998,Hombre,Robust,1,26.7277,Alta
1141,FALSE,1.2497,3.4001,1.4458,0.8487,Hombre,Robust,3,21.3965,Alta
1142,FALSE,0.6849,11.675,1.0993,2.3792,Hombre,Robust,2,28.3324,Alta
1143,FALSE,0.6972,6.2676,1.0856,0.4284,Hombre,Robust,1,18.3627,Alta
1144,FALSE,0.497,10.847,0.96,1.763,Hombre,Robust,1,23.5518,Alta
1145,FALSE,0.4163,10.017,1.0826,2.1945,Hombre,Robust,2,32.8898,Alta
1146,FALSE,0.7098,7.5578,1.2252,1.4429,Hombre,Robust,2,23.4871,Alta
1147,FALSE,1.3233,3.1061,1.6021,0.4609,Hombre,Robust,1,16.2705,Alta
1148,FALSE,1.4898,3.0236,1.4596,1.0486,Hombre,Robust,2,28.2041,Alta
1149,FALSE,0.7916,2.7084,1.4516,0.1488,Hombre,Robust,2,21.9047,Alta
1150,FALSE,0.6985,5.7997,1.3465,1.1542,Hombre,Robust,1,25.2095,Media
1151,FALSE,0.6318,2.9957,1.2541,0.2693,Hombre,Robust,1,18.2144,Media
1152,FALSE,0.5781,3.1298,1.3426,0.5853,Hombre,Robust,0,15.9263,Media
1153,FALSE,0.5921,2.6965,1.3691,0.7312,Hombre,Robust,1,19.1822,Media
1154,FALSE,0.6483,2.0933,1.455,0.5774,Hombre,Robust,2,17.1125,Media
1155,FALSE,1.727,6.312,1.4845,1.5506,Hombre,Robust,2,26.0784,Media
1156,FALSE,0.6777,2.2532,1.35,0.1597,Hombre,Robust,1,15.6543,Media
1157,FALSE,0.3174,3.3987,1.1973,0.3506,Hombre,Robust,1,19.4034,Media
1158,FALSE,0.4026,3.4318,1.255,0.4758,Hombre,Robust,2,17.4714,Media
1159,FALSE,0.3838,2.7293,1.4641,0.2164,Hombre,Robust,1,18.9037,Media
1160,FALSE,3.8529,6.657,1.5665,1.7115,Hombre,Robust,2,20.3639,Alta
1161,FALSE,2.582,4.6673,1.5875,1.7371,Hombre,Robust,3,18.976,Media
1162,FALSE,2.3877,6.7193,1.5822,2.0606,Hombre,Robust,4,29.8309,Media
1163,FALSE,2.1154,8.8001,1.4775,2.3285,Hombre,Robust,2,31.878,Media
1164,FALSE,3.0252,5.39,1.5907,1.8217,Hombre,Robust,3,28.1256,Media
1165,FALSE,3.036,26.0953,1.0467,4.2464,Hombre,Robust,1,80.6382,Alta
1166,FALSE,2.8626,6.19251,1.6447,2.0623,Hombre,Robust,3,17.1474,Alta
1167,FALSE,3.3776,5.57716,1.5616,1.9328,Hombre,Robust,3,15.8277,Alta
1168,FALSE,1.155,30.7624,1.0238,4.5745,Hombre,Robust,1,30.4439,Alta
1169,FALSE,1.9617,7.59855,1.3816,1.792,Hombre,Robust,1,15.1972,Alta
1170,FALSE,3.016,6.32185,1.6486,2.0985,Hombre,Robust,3,17.2957,Alta
1171,FALSE,4.0931,4.65637,1.6499,1.7965,Hombre,Robust,5,15.9235,Alta
1172,FALSE,3.8854,4.54698,1.6542,1.4722,Hombre,Robust,3,15.2266,Alta
1173,FALSE,4.0697,6.08402,1.6059,2.0019,Hombre,Robust,3,17.7936,Media
1174,FALSE,3.224,6.88018,1.4914,2.3162,Hombre,Robust,3,16.5281,Media
1175,FALSE,2.9527,5.97001,1.5626,1.9468,Hombre,Robust,3,17.615,Media
1176,FALSE,3.9703,4.63935,1.6892,1.7606,Hombre,Robust,3,17.7721,Media
1177,FALSE,3.4101,6.29178,1.5836,2.0114,Hombre,Robust,3,17.8399,Media
1178,FALSE,1.446,13.1732,1.2019,1.9417,Hombre,Robust,1,15.8572,Media
1179,FALSE,2.0917,4.9383,1.6035,1.7911,Hombre,Robust,3,17.7728,Media
1180,FALSE,2.3318,5.38267,1.6566,1.8828,Hombre,Robust,3,17.0146,Media
1181,FALSE,2.8513,4.6977,1.5427,1.5423,Hombre,Robust,3,17.9756,Media
1182,FALSE,3.5571,7.43846,1.5798,2.1911,Hombre,Robust,3,17.8455,Media
1183,FALSE,3.2982,6.88889,1.5926,2.1942,Hombre,Robust,3,17.6371,Media
1184,FALSE,2.3973,10.5241,1.3978,2.5193,Hombre,Robust,1,34.4264,Media
1185,FALSE,1.064,9.37493,1.2151,2.3189,Hombre,Robust,2,18.6087,Media
1186,FALSE,1.7695,13.138,1.1898,3.1316,Hombre,Robust,2,30.022,Media
1187,FALSE,1.542,8.8314,1.3639,2.2078,Hombre,Robust,2,20.2305,Media
1188,FALSE,1.3148,10.2085,1.2987,2.2594,Hombre,Robust,1,23.3948,Media
1189,FALSE,1.8617,12.2134,1.3451,2.7469,Hombre,Robust,2,25.0273,Media
1190,FALSE,1.6347,10.0764,1.3448,2.2591,Hombre,Robust,2,24.0312,Media
1191,FALSE,0.5446,31.336,0.7784,4.4639,Hombre,Robust,2,17.6337,Alta
1192,FALSE,0.8021,26.1422,0.832,3.8314,Hombre,Robust,1,51.4429,Alta
